<?xml version="1.0" encoding="UTF-8"?>
<RequestMessage xmlns="http://www.owllink.org/owllink-xml#"
    xmlns:xsi="http://www.w3.org/2001/XMLSchema-instance"
    xmlns:owl="http://www.w3.org/2002/07/owl#"
    xml:base="http://www.owllink.org/testsuite/1a#"
    xsi:schemaLocation="http://www.owllink.org/owllink-xml# http://www.owllink.org/owllink-xml.xsd">
	
	<!--The following configurations for the Konclude reasoner are automatically set if the sparqlfile or sparlqserver commands are used.
		These optimizations are currently not compatible with the query answering techniques, i.e., you may not change/activate them even if they can make Konclude for other reasoning tasks a little bit slower.-->	
		
	<Set key='Konclude.Calculation.Querying.ComplexQueryingSupport'>
		<Literal>true</Literal>
	</Set>	
	
	<Set key='Konclude.Calculation.Optimization.RepresentativePropagation'>
		<Literal>false</Literal>
	</Set>
	
	<Set key='Konclude.Calculation.Optimization.SignatureMirroringBlocking'>
		<Literal>false</Literal>
	</Set>		
	
	
	
	
	
	
	
	
	<!--Specifies how many mappings are initially computed in each step. If the value is set to -1, then all mappings are directly computed, i.e., the incremental/stream-based computation of answers is deactivated.-->
	<Set key='Konclude.Answering.MinimalMappingsComputationSize'>
		<Literal>1</Literal>
	</Set>	
	
	
	
	<!--Specifies whether joins are parallelized.-->
	<Set key='Konclude.Answering.ConcurrentJoinComputation'>
		<Literal>true</Literal>
	</Set>		
	
	<!--Specifies whether the answer generation and serialization is parallelized.-->
	<Set key='Konclude.Answering.ConcurrentAnswerGeneration'>
		<Literal>true</Literal>
	</Set>	

	<!--Specifies the number of threads for the concurrent join computation/answer generation. If the given number is negative, then threads for all available computer cores are created.-->
	<Set key='Konclude.Answering.ConcurrentComputationThreadPoolSize'>
		<Literal>-1</Literal>
	</Set>	
	
	
	
	<!--Specifies whether non-selected SPARQL variables are interpreted as existential/anonymous variables.-->
	<Set key='Konclude.Answering.InterpretNonAnswerIndividualVariablesAsAnonymousVariables'>
		<Literal>false</Literal>
	</Set>	
	







	
	
	<!--Specifies whether Redland Rasqal is used for processing SPARQL queries. If enabled, BGPs of the query are precomputed by Konclude's query answering engine and their results are then appropriately incorporated.
		If disabled (or if the Redland libraries are not integrated), only simple SPARQL queries with just one BGP are supported.-->
	<Set key='Konclude.Answering.RedlandRasqalSPARQLQueryProcessing'>
		<Literal>true</Literal>
	</Set>	
	
</RequestMessage>