55	24	34	27
56	34	20	7
43	34	20	7
57	24	34	27
58	34	20	7
59	24	34	27
60	34	20	7
35	34	20	7
61	24	34	27
50	34	20	7
37	34	20	7
62	24	34	27
63	24	34	27
54	34	20	7
64	24	34	27
65	24	34	27
66	24	34	27
48	34	20	7
67	24	34	27
68	24	34	27
69	34	20	7
70	24	34	27
71	34	20	7
72	24	34	27
73	24	34	27
74	24	34	27
41	34	20	7
75	24	34	27
76	34	20	7
77	24	34	27
78	24	34	27
79	34	20	7
80	24	34	27
81	34	20	7
82	24	34	27
45	34	20	7
83	24	34	27
84	34	20	7
85	24	34	27
86	24	34	27
87	34	20	7
88	24	34	27
89	24	34	27
90	24	34	27
91	24	34	27
52	34	20	7
92	24	34	27
93	24	34	27
94	24	34	27
95	24	34	27
96	24	34	27
97	34	20	7
98	34	21	7	30
99	34	21	7	30
100	34	21	7	30
101	34	21	7	30
102	34	21	7	30
103	34	21	7	30
104	34	21	7	30
105	34	21	7	30
106	34	21	7	30
107	34	21	7	30
108	34	21	7	30
109	34	21	7	30
110	34	21	7	30
111	34	21	7	30
112	34	21	7	30
113	34	21	7	30
114	34	21	7	30
115	34	21	7	30
116	34	21	7	30
117	34	21	7	30
119	32	34	19	7	30
120	32	34	19	7	30
123	32	34	19	7	30
124	17	34	19	7	30
125	17	34	19	7	30
126	17	34	19	7	30
127	32	34	19	7	30
128	32	34	19	7	30
129	17	34	19	7	30
130	32	34	19	7	30
131	17	34	19	7	30
132	32	34	19	7	30
133	32	34	19	7	30
134	32	34	19	7	30
135	32	34	19	7	30
136	25	34	7
138	25	34	7
140	25	34	7
142	25	34	7
145	25	34	7
147	25	34	7
149	25	34	7
150	25	34	7
152	25	34	7
153	25	34	7
156	25	34	7
158	25	34	7
160	25	34	7
161	25	34	7
163	25	34	7
164	25	34	7
165	25	34	7
166	25	34	7
167	25	34	7
168	25	34	7
169	25	34	7
170	25	34	7
173	25	34	7
174	25	34	7
175	25	34	7
176	25	34	7
177	34	22	7
178	34	22	7
179	34	22	7
180	34	22	7
181	34	22	7
182	34	22	7
183	34	22	7
184	34	22	7
185	34	22	7
186	34	22	7
187	34	22	7
188	34	22	7
189	34	22	7
190	34	22	7
191	34	22	7
192	34	22	7
193	34	22	7
194	34	22	7
195	34	22	7
196	34	22	7
197	34	22	7
198	34	22	7
199	34	22	7
200	34	22	7
201	34	22	7
202	34	22	7
203	34	22	7
204	34	22	7
205	34	22	7
206	34	22	7
207	34	22	7
208	34	22	7
209	34	22	7
210	34	22	7
211	34	22	7
212	34	22	7
213	34	22	7
214	34	22	7
215	34	22	7
216	34	22	7
217	34	22	7
218	34	22	7
219	34	22	7
220	34	22	7
221	34	22	7
222	34	22	7
223	34	22	7
224	34	22	7
225	34	22	7
226	34	22	7
227	34	22	7
228	34	22	7
229	34	22	7
230	34	22	7
231	34	22	7
232	34	22	7
233	34	22	7
234	34	22	7
235	34	22	7
236	34	22	7
237	34	22	7
238	34	22	7
239	34	22	7
240	34	22	7
241	34	22	7
242	34	22	7
243	34	22	7
244	34	22	7
245	34	22	7
246	34	22	7
247	34	22	7
248	34	22	7
249	34	22	7
250	34	22	7
251	34	22	7
252	34	22	7
253	34	22	7
254	34	22	7
255	34	22	7
256	0	34
261	0	34
266	0	34
270	0	34
271	0	34
272	0	34
274	0	34
278	0	34
284	0	34
285	0	34
289	0	34
293	0	34
297	0	34
302	0	34
304	0	34
306	0	34
313	0	34
314	0	34
315	0	34
317	0	34
318	0	34
320	0	34
323	0	34
327	0	34
330	0	34
331	0	34
336	0	34
338	0	34
339	0	34
342	0	34
344	0	34
345	0	34
346	0	34
349	0	34
351	0	34
354	0	34
357	0	34
360	0	34
363	0	34
367	0	34
372	0	34
377	0	34
378	0	34
383	0	34
384	0	34
387	0	34
389	0	34
390	0	34
392	0	34
393	0	34
395	0	34
396	0	34
398	0	34
400	0	34
404	0	34
409	0	34
412	0	34
413	0	34
414	0	34
415	0	34
417	0	34
418	0	34
420	0	34
421	0	34
422	0	34
423	0	34
424	0	34
429	0	34
430	0	34
431	0	34
432	0	34
433	0	34
434	0	34
435	0	34
436	0	34
437	0	34
440	0	34
441	0	34
443	0	34
444	0	34
445	0	34
447	0	34
448	0	34
450	0	34
451	0	34
452	0	34
456	0	34
461	0	34
463	0	34
464	0	34
468	0	34
469	0	34
470	0	34
471	0	34
475	0	34
477	0	34
479	0	34
480	0	34
481	0	34
482	0	34
483	0	34
484	0	34
486	0	34
487	0	34
489	0	34
492	0	34
493	0	34
495	0	34
498	0	34
500	0	34
505	0	34
506	0	34
512	0	34
514	0	34
518	0	34
520	0	34
524	0	34
528	0	34
530	0	34
534	0	34
535	0	34
536	0	34
539	0	34
541	0	34
543	0	34
547	0	34
550	0	34
551	0	34
552	0	34
553	0	34
555	0	34
557	0	34
558	0	34
560	0	34
561	0	34
562	0	34
567	0	34
569	0	34
574	0	34
576	0	34
580	0	34
582	0	34
585	0	34
587	0	34
590	0	34
591	0	34
592	0	34
594	0	34
595	0	34
598	0	34
599	0	34
600	0	34
602	0	34
603	0	34
604	0	34
605	0	34
608	0	34
610	0	34
611	0	34
612	0	34
614	0	34
615	0	34
617	0	34
619	0	34
623	0	34
626	0	34
628	0	34
630	0	34
631	0	34
632	0	34
633	0	34
639	0	34
640	0	34
641	0	34
643	0	34
644	0	34
645	0	34
647	0	34
649	0	34
654	0	34
655	0	34
656	0	34
659	0	34
660	0	34
661	0	34
663	0	34
666	0	34
671	0	34
675	0	34
676	0	34
677	0	34
678	0	34
680	0	34
683	0	34
692	0	34
696	0	34
698	0	34
700	0	34
701	0	34
703	0	34
705	0	34
706	0	34
708	0	34
709	0	34
714	0	34
720	0	34
721	0	34
724	0	34
726	0	34
727	0	34
731	0	34
733	0	34
736	0	34
737	0	34
740	0	34
741	0	34
742	0	34
743	0	34
747	0	34
748	0	34
751	0	34
753	0	34
756	0	34
758	0	34
760	0	34
764	0	34
767	0	34
770	0	34
772	0	34
773	0	34
777	0	34
779	0	34
783	0	34
785	0	34
787	0	34
789	0	34
792	0	34
793	0	34
795	0	34
796	0	34
797	0	34
799	0	34
800	0	34
801	0	34
803	0	34
804	0	34
805	0	34
806	0	34
807	0	34
808	0	34
809	0	34
811	0	34
812	0	34
813	0	34
815	0	34
816	0	34
817	0	34
818	0	34
819	0	34
822	0	34
823	0	34
824	0	34
825	0	34
826	0	34
827	0	34
829	0	34
832	0	34
834	0	34
835	0	34
836	0	34
837	0	34
838	0	34
839	0	34
840	0	34
841	0	34
843	0	34
844	0	34
845	0	34
846	0	34
847	0	34
849	0	34
850	0	34
853	0	34
854	0	34
855	0	34
858	0	34
859	0	34
863	0	34
864	0	34
867	0	34
868	0	34
870	0	34
872	0	34
875	0	34
877	0	34
878	0	34
879	0	34
880	0	34
881	0	34
882	0	34
883	0	34
886	0	34
889	0	34
890	0	34
891	0	34
892	0	34
893	0	34
895	0	34
896	0	34
897	0	34
898	0	34
902	0	34
903	0	34
905	0	34
911	0	34
912	0	34
913	0	34
918	0	34
921	0	34
924	0	34
926	0	34
928	0	34
930	0	34
931	0	34
935	0	34
938	0	34
939	0	34
940	0	34
941	0	34
942	0	34
943	0	34
944	0	34
945	0	34
946	0	34
947	0	34
949	0	34
951	0	34
952	0	34
954	0	34
955	0	34
957	0	34
959	0	34
961	0	34
962	0	34
964	0	34
965	0	34
966	0	34
967	0	34
968	0	34
969	0	34
970	0	34
971	0	34
972	0	34
973	0	34
974	0	34
975	0	34
978	0	34
980	0	34
981	0	34
983	0	34
984	0	34
985	0	34
986	0	34
987	0	34
989	0	34
991	0	34
992	0	34
993	0	34
994	0	34
995	0	34
996	0	1	34	16
997	16	34	3	4
998	34	3	4	7	16	30	31
1000	34	3	4	7	16	25	26
1002	16	34	3	4
1003	34	3	4	7	16	25	26
1009	0	1	34	16
1013	0	1	34	16
1017	0	1	34	16
1018	34	3	4	7	16	25	26
1019	34	3	4	7	16	25	26
1023	0	1	34	16
1027	0	1	34	16
1028	34	3	4	7	16	30	31
1030	34	3	4	7	16	25	26
1032	16	34	3	4
1036	0	1	34	16
1040	0	1	34	16
1041	34	3	4	7	16	25	26
1045	0	1	34	16
1049	0	1	34	16
1053	0	1	34	16
1054	34	3	4	7	16	30	31
1056	34	3	4	7	16	25	26
1058	16	34	3	4
1062	0	1	34	16
1063	34	3	4	7	16	25	26
1067	0	1	34	16
1068	34	3	4	7	16	25	26
1071	0	1	34	16
1074	0	1	34	16
1078	0	1	34	16
1079	34	3	4	7	16	25	26
1083	0	1	34	16
1084	34	3	4	7	16	30	31
1086	34	3	4	7	16	25	26
1088	16	34	3	4
1092	0	1	34	16
1093	34	3	4	7	16	30	31
1095	34	3	4	7	16	25	26
1097	16	34	3	4
1101	0	1	34	16
1105	0	1	34	16
1109	0	1	34	16
1110	34	3	4	7	16	25	26
1114	0	1	34	16
1118	0	1	34	16
1119	34	3	4	7	16	30	31
1121	34	3	4	7	16	25	26
1123	16	34	3	4
1127	0	1	34	16
1130	0	1	34	16
1134	0	1	34	16
1135	34	3	4	7	16	25	26
1139	0	1	34	16
1141	0	1	34	16
1142	34	3	4	7	16	30	31
1144	34	3	4	7	16	25	26
1146	16	34	3	4
1149	0	1	34	16
1152	0	1	34	16
1156	0	1	34	16
1157	34	3	4	7	16	25	26
1161	0	1	34	16
1165	0	1	34	16
1166	34	3	4	7	16	30	31
1168	34	3	4	7	16	25	26
1170	16	34	3	4
1174	0	1	34	16
1178	0	1	34	16
1180	0	1	34	16
1181	34	3	4	7	16	25	26
1185	0	1	34	16
1188	0	1	34	16
1192	0	1	34	16
1193	34	3	4	7	16	30	31
1195	34	3	4	7	16	25	26
1197	16	34	3	4
1201	0	1	34	16
1205	0	1	34	16
1208	0	1	34	16
1209	34	3	4	7	16	25	26
1213	0	1	34	16
1217	0	1	34	16
1218	34	3	4	7	16	30	31
1220	34	3	4	7	16	25	26
1222	16	34	3	4
1226	0	1	34	16
1230	0	1	34	16
1231	34	3	4	7	16	25	26
1235	0	1	34	16
1239	0	1	34	16
1240	34	3	4	7	16	30	31
1242	34	3	4	7	16	25	26
1244	16	34	3	4
1248	0	1	34	16
1251	0	1	34	16
1252	34	3	4	7	16	25	26
1256	0	1	34	16
1259	0	1	34	16
1262	0	1	34	16
1263	34	3	4	7	16	30	31
1265	34	3	4	7	16	25	26
1270	0	1	34	16
1271	34	3	4	7	16	30	31
1273	34	3	4	7	16	25	26
1275	16	34	3	4
1279	0	1	34	16
1283	0	1	34	16
1284	34	3	4	7	16	25	26
1287	0	1	34	16
1291	0	1	34	16
1295	0	1	34	16
1296	34	3	4	7	16	25	30	31
1298	34	3	4	7	16	25	26
1299	16	34	3	4
1302	0	1	34	16
1305	0	1	34	16
1309	0	1	34	16
1310	34	3	4	7	16	25	26
1314	0	1	34	16
1318	0	1	34	16
1319	34	3	4	7	16	30	31
1321	34	3	4	7	16	25	26
1323	16	34	3	4
1326	0	1	34	16
1329	0	1	34	16
1331	0	1	34	16
1332	34	3	4	7	16	25	26
1335	0	1	34	16
1338	0	1	34	16
1339	34	3	4	7	16	30	31
1341	34	3	4	7	16	25	26
1345	0	1	34	16
1348	0	1	34	16
1351	0	1	34	16
1352	34	3	4	7	16	25	26
1356	0	1	34	16
1360	0	1	34	16
1361	34	3	4	7	16	30	31
1363	34	3	4	7	16	25	26
1365	16	34	3	4
1368	0	1	34	16
1372	0	1	34	16
1375	0	1	34	16
1376	34	3	4	7	16	25	26
1379	0	1	34	16
1382	0	1	34	16
1383	34	3	4	7	16	30	31
1385	34	3	4	7	16	25	26
1390	0	1	34	16
1393	0	1	34	16
1396	0	1	34	16
1397	34	3	4	7	16	25	26
1401	0	1	34	16
1403	0	1	34	16
1406	0	1	34	16
1407	34	3	4	7	16	25	26
1411	0	1	34	16
1413	0	1	34	16
1414	34	3	4	7	16	25	26
1418	0	1	34	16
1421	0	1	34	16
1422	34	3	4	7	16	25	26
1426	0	1	34	16
1427	34	3	4	7	16	25	26
1431	0	1	34	16
1432	34	3	4	7	16	25	26
1436	0	1	34	16
1437	34	3	4	7	16	25	26
1440	0	1	34	16
1441	34	3	4	7	16	25	26
1444	0	1	34	16
1445	34	3	4	7	16	30	31
1447	34	3	4	7	16	25	26
1452	0	1	34	16
1456	0	1	34	16
1457	34	3	4	7	16	25	26
1460	0	1	34	16
1463	0	1	34	16
1467	0	1	34	16
1468	34	3	4	7	16	30	31
1470	34	3	4	7	16	25	26
1472	16	34	3	4
1475	0	1	34	16
1479	0	1	34	16
1482	0	1	34	16
1483	34	3	4	7	16	25	26
1487	0	1	34	16
1491	0	1	34	16
1494	0	1	34	16
1495	34	3	4	7	16	30	31
1497	34	3	4	7	16	25	26
1499	16	34	3	4
1503	0	1	34	16
1506	0	1	34	16
1507	34	3	4	7	16	25	26
1510	0	1	34	16
1513	0	1	34	16
1516	0	1	34	16
1517	34	3	4	7	16	30	31
1519	34	3	4	7	16	25	26
1521	16	34	3	4
1524	0	1	34	16
1528	0	1	34	16
1529	34	3	4	7	16	25	26
1533	0	1	34	16
1536	0	1	34	16
1538	0	1	34	16
1539	34	3	4	7	16	30	31
1541	34	3	4	7	16	25	26
1543	16	34	3	4
1547	0	1	34	16
1550	0	1	34	16
1553	0	1	34	16
1554	34	3	4	7	16	25	26
1558	0	1	34	16
1560	0	1	34	16
1561	34	3	4	7	16	30	31
1563	34	3	4	7	16	25	26
1566	0	1	34	16
1569	0	1	34	16
1572	0	1	34	16
1573	34	3	4	7	16	25	26
1576	0	1	34	16
1578	0	1	34	16
1581	0	1	34	16
1582	34	3	4	7	16	25	26
1585	0	1	34	16
1588	0	1	34	16
1589	34	3	4	7	16	25	26
1591	0	1	34	16
1593	0	1	34	16
1594	34	3	4	7	16	25	26
1596	0	1	34	16
1597	34	3	4	7	16	25	26
1599	0	1	34	16
1600	34	3	4	7	16	25	26
1602	0	1	34	16
1603	34	3	4	7	16	25	26
1606	0	1	34	16
1607	34	3	4	7	16	25	26
1609	0	1	34	16
1610	34	3	4	7	16	30	31
1612	34	3	4	7	16	25	26
1616	0	1	34	16
1619	0	1	34	16
1622	0	1	34	16
1623	34	3	4	7	16	25	26
1627	0	1	34	16
1631	0	1	34	16
1632	34	3	4	7	16	30	31
1634	34	3	4	7	16	25	26
1639	0	1	34	16
1640	34	3	4	7	16	25	26
1643	0	1	34	16
1644	34	3	4	7	16	25	26
1647	0	1	34	16
1651	0	1	34	16
1652	34	3	4	7	16	25	26
1655	0	1	34	16
1659	0	1	34	16
1663	0	1	34	16
1664	34	3	4	7	16	25	26
1668	0	1	34	16
1672	0	1	34	16
1674	0	1	34	16
1675	34	3	4	7	16	25	26
1678	0	1	34	16
1679	34	3	4	7	16	25	26
1683	0	1	34	16
1685	0	1	34	16
1686	34	3	4	7	16	25	26
1689	0	1	34	16
1690	34	3	4	7	16	25	26
1694	0	1	34	16
1695	34	3	4	7	16	25	26
1699	0	1	34	16
1700	34	3	4	7	16	30	31
1702	34	3	4	7	16	25	26
1706	0	1	34	16
1710	0	1	34	16
1713	0	1	34	16
1714	34	3	4	7	16	25	26
1717	0	1	34	16
1721	0	1	34	16
1722	34	3	4	7	16	30	31
1724	34	3	4	7	16	25	26
1726	16	34	3	4
1730	0	1	34	16
1733	0	1	34	16
1734	34	3	4	7	16	25	26
1737	0	1	34	16
1740	0	1	34	16
1743	0	1	34	16
1744	34	3	4	7	16	30	31
1746	34	3	4	7	16	25	26
1748	16	34	3	4
1751	0	1	34	16
1753	0	1	34	16
1756	0	1	34	16
1757	34	3	4	7	16	25	26
1760	0	1	34	16
1764	0	1	34	16
1765	34	3	4	7	16	30	31
1767	34	3	4	7	16	25	26
1769	16	34	3	4
1773	0	1	34	16
1776	0	1	34	16
1779	0	1	34	16
1780	34	3	4	7	16	25	26
1783	0	1	34	16
1787	0	1	34	16
1788	34	3	4	7	16	30	31
1790	34	3	4	7	16	25	26
1792	16	34	3	4
1794	0	1	34	16
1798	0	1	34	16
1799	34	3	4	7	16	25	26
1802	0	1	34	16
1805	0	1	34	16
1808	0	1	34	16
1809	34	3	4	7	16	30	31
1811	34	3	4	7	16	25	26
1813	16	34	3	4
1816	0	1	34	16
1818	0	1	34	16
1821	0	1	34	16
1822	34	3	4	7	16	25	26
1825	0	1	34	16
1829	0	1	34	16
1830	34	3	4	7	16	30	31
1832	34	3	4	7	16	25	26
1833	16	34	3	4
1837	0	1	34	16
1838	34	3	4	7	16	30	31
1840	34	3	4	7	16	25	26
1842	16	34	3	4
1844	0	1	34	16
1848	0	1	34	16
1849	34	3	4	7	16	25	26
1852	0	1	34	16
1855	0	1	34	16
1858	0	1	34	16
1859	34	3	4	7	16	30	31
1861	34	3	4	7	16	25	26
1862	16	34	3	4
1865	0	1	34	16
1868	0	1	34	16
1871	0	1	34	16
1872	34	3	4	7	16	25	26
1875	0	1	34	16
1877	0	1	34	16
1878	34	3	4	7	16	30	31
1880	34	3	4	7	16	25	26
1882	16	34	3	4
1885	0	1	34	16
1889	0	1	34	16
1890	34	3	4	7	16	25	26
1892	0	1	34	16
1895	0	1	34	16
1898	0	1	34	16
1899	34	3	4	7	16	30	31
1901	34	3	4	7	16	25	26
1903	16	34	3	4
1906	0	1	34	16
1908	0	1	34	16
1909	34	3	4	7	16	25	26
1912	0	1	34	16
1915	0	1	34	16
1918	0	1	34	16
1919	34	3	4	7	16	30	31
1921	34	3	4	7	16	25	26
1923	16	34	3	4
1925	0	1	34	16
1929	0	1	34	16
1930	34	3	4	7	16	25	26
1933	0	1	34	16
1936	0	1	34	16
1939	0	1	34	16
1940	34	3	4	7	16	30	31
1942	34	3	4	7	16	25	26
1944	16	34	3	4
1947	0	1	34	16
1948	34	3	4	7	16	25	26
1951	0	1	34	16
1952	34	3	4	7	16	30	31
1954	34	3	4	7	16	25	26
1956	16	34	3	4
1959	0	1	34	16
1962	0	1	34	16
1963	34	3	4	7	16	25	26
1965	0	1	34	16
1967	0	1	34	16
1970	0	1	34	16
1971	34	3	4	7	16	30	31
1973	16	34	3	4
1976	0	1	34	16
1979	0	1	34	16
1982	0	1	34	16
1985	0	1	34	16
1988	0	1	34	16
1989	34	3	4	7	16	30	31
1991	16	34	3	4
1994	0	1	34	16
1997	0	1	34	16
2000	0	1	34	16
2003	0	1	34	16
2006	0	1	34	16
2007	34	3	4	7	16	30	31
2009	34	3	4	7	16	25	26
2011	16	34	3	4
2014	0	1	34	16
2015	34	3	4	7	16	30	31
2017	34	3	4	7	16	25	26
2020	0	1	34	16
2024	0	1	34	16
2025	34	3	4	7	16	25	26
2028	0	1	34	16
2031	0	1	34	16
2034	0	1	34	16
2035	34	3	4	7	16	25	30	31
2038	0	1	34	16
2039	34	3	4	7	16	30	31
2040	16	34	3	4
2041	16	34	3	4
2042	34	3	4	7	16	25	26
2044	0	1	34	16
2045	34	3	4	7	11	16	19	28	30	31
2046	16	34	3	4
2047	0	1	34	16
2048	34	3	4	7	8	16	30	31
2050	34	3	4	7	8	10	16
2051	34	3	4	7	16	25	26
2052	34	3	4	7	16	25	26
2055	0	1	34	16
2056	34	3	4	7	8	10	16
2057	34	3	4	7	16	25	26
2058	0	1	34	16
2059	34	3	4	7	8	10	16
2060	34	3	4	7	16	25	26
2062	0	1	34	16
2063	34	3	4	7	8	10	16
2064	0	1	34	16
2065	34	3	4	7	8	16
2067	34	3	4	7	8	10	16
2068	34	3	4	7	16	25	26
2070	0	1	34	16
2071	34	3	4	7	8	10	16
2072	34	3	4	7	16	25	26
2074	0	1	34	16
2075	34	3	4	7	8	16
2076	34	3	4	7	8	10	16
2077	34	3	4	7	16	25	26
2080	0	1	34	16
2081	34	3	4	7	8	10	16
2082	34	3	4	7	16	25	26
2083	0	1	34	16
2084	34	3	4	7	8	10	16
2085	0	1	34	16
2086	34	3	4	7	8	10	16
2087	34	3	4	7	16	25	26
2088	0	1	34	16
2089	34	3	4	7	8	10	16
2090	34	3	4	7	16	25	26
2092	0	1	34	16
2093	34	3	4	7	8	10	16
2094	34	3	4	7	16	25	26
2095	0	1	34	16
2096	34	3	4	7	8	10	16
2097	34	3	4	7	16	25	26
2098	0	1	34	16
2099	34	3	4	7	8	16
2100	34	3	4	7	8	10	16
2101	34	3	4	7	16	25	26
2104	0	1	34	16
2105	34	3	4	7	8	10	16
2106	34	3	4	7	16	25	26
2108	0	1	34	16
2109	34	3	4	7	8	10	16
2110	34	3	4	7	16	25	26
2112	0	1	34	16
2113	34	3	4	7	8	10	16
2114	34	3	4	7	16	25	26
2115	0	1	34	16
2116	34	3	4	7	8	16
2118	34	3	4	7	8	10	16
2119	34	3	4	7	16	25	26
2121	0	1	34	16
2122	34	3	4	7	8	10	16
2123	0	1	34	16
2124	34	3	4	7	8	10	16
2125	34	3	4	7	16	25	26
2127	0	1	34	16
2128	34	3	4	7	8	10	16
2129	0	1	34	16
2130	34	3	4	7	8	10	16
2131	34	3	4	7	16	25	26
2132	0	1	34	16
2133	34	3	4	7	8	16
2135	34	3	4	7	8	10	16
2136	0	1	34	16
2137	34	3	4	7	8	10	16
2138	0	1	34	16
2139	34	3	4	7	8	10	16
2140	0	1	34	16
2141	34	3	4	7	8	10	16
2142	0	1	34	16
2143	34	3	4	7	8	16
2145	34	3	4	7	8	10	16
2146	0	1	34	16
2147	34	3	4	7	8	10	16
2148	0	1	34	16
2149	34	3	4	7	8	10	16
2150	0	1	34	16
2151	34	3	4	7	8	10	16
2152	0	1	34	16
2153	34	3	4	7	8	10	16
2154	0	1	34	16
2155	34	3	4	7	8	10	16
2156	34	3	4	7	16	25	26
2158	0	1	34	16
2159	34	3	4	7	8	10	16
2160	34	3	4	7	16	25	26
2161	0	1	34	16
2162	34	3	4	7	8	16
2164	34	3	4	7	8	10	16
2165	34	3	4	7	16	25	26
2167	0	1	34	16
2168	34	3	4	7	8	10	16
2169	34	3	4	7	16	25	26
2170	0	1	34	16
2171	34	3	4	7	8	10	16
2172	34	3	4	7	16	25	26
2173	0	1	34	16
2174	34	3	4	7	8	10	16
2175	0	1	34	16
2176	34	3	4	7	8	10	16
2177	34	3	4	7	16	25	26
2179	0	1	34	16
2180	34	3	4	7	8	16
2182	34	3	4	7	8	10	16
2183	0	1	34	16
2184	34	3	4	7	8	10	16
2185	0	1	34	16
2186	34	3	4	7	8	10	16
2187	0	1	34	16
2188	34	3	4	7	8	10	16
2189	0	1	34	16
2190	34	3	4	7	8	16
2191	34	3	4	7	8	10	16
2192	34	3	4	7	16	25	26
2194	0	1	34	16
2195	34	3	4	7	8	10	16
2196	34	3	4	7	16	25	26
2197	0	1	34	16
2198	34	3	4	7	8	10	16
2199	0	1	34	16
2200	34	3	4	7	8	10	16
2201	0	1	34	16
2202	34	3	4	7	8	10	16
2203	34	3	4	7	16	25	26
2204	0	1	34	16
2205	34	3	4	7	8	10	16
2206	34	3	4	7	16	25	26
2207	0	1	34	16
2208	34	3	4	7	8	10	16
2209	0	1	34	16
2210	34	3	4	7	8	10	16
2211	34	3	4	7	16	25	26
2212	0	1	34	16
2213	34	3	4	7	8	10	16
2214	0	1	34	16
2215	34	3	4	7	8	10	16
2216	34	3	4	7	16	25	26
2217	0	1	34	16
2218	34	3	4	7	8	16
2219	34	3	4	7	8	10	16
2220	0	1	34	16
2221	34	3	4	7	8	10	16
2222	0	1	34	16
2223	34	3	4	7	8	10	16
2224	0	1	34	16
2225	34	3	4	7	8	10	16
2226	0	1	34	16
2227	34	3	4	7	8	16
2229	34	3	4	7	8	10	16
2230	0	1	34	16
2231	34	3	4	7	8	10	16
2232	0	1	34	16
2233	34	3	4	7	8	10	16
2234	0	1	34	16
2235	34	3	4	7	8	10	16
2236	0	1	34	16
2237	34	3	4	7	8	10	16
2238	0	1	34	16
2239	34	3	4	7	8	16
2241	34	3	4	7	8	10	16
2242	0	1	34	16
2243	34	3	4	7	8	10	16
2244	0	1	34	16
2245	34	3	4	7	8	10	16
2246	0	1	34	16
2247	34	3	4	7	8	10	16
2248	0	1	34	16
2249	34	3	4	7	8	10	16
2250	0	1	34	16
2251	34	3	4	7	8	10	16
2252	0	1	34	16
2253	34	3	4	7	8	10	16
2254	0	1	34	16
2255	34	3	4	7	8	16
2257	34	3	4	7	8	10	16
2258	0	1	34	16
2259	34	3	4	7	8	10	16
2260	0	1	34	16
2261	34	3	4	7	8	10	16
2262	0	1	34	16
2263	34	3	4	7	8	10	16
2264	0	1	34	16
2265	34	3	4	7	8	10	16
2266	0	1	34	16
2267	34	3	4	7	8	10	16
2268	0	1	34	16
2269	34	3	4	7	8	10	16
2270	0	1	34	16
2271	34	3	4	7	8	16
2273	34	3	4	7	8	10	16
2274	0	1	34	16
2275	34	3	4	7	8	10	16
2276	0	1	34	16
2277	34	3	4	7	8	10	16
2278	0	1	34	16
2279	34	3	4	7	8	10	16
2280	0	1	34	16
2281	34	3	4	7	8	10	16
2282	0	1	34	16
2283	34	3	4	7	8	16
2284	34	3	4	7	8	10	16
2285	0	1	34	16
2286	34	3	4	7	8	10	16
2287	0	1	34	16
2288	34	3	4	7	8	10	16
2289	0	1	34	16
2290	34	3	4	7	8	10	16
2291	0	1	34	16
2292	34	3	4	7	8	10	16
2293	0	1	34	16
2294	34	3	4	7	8	10	16
2295	0	1	34	16
2296	34	3	4	7	8	10	16
2297	0	1	34	16
2298	34	3	4	7	8	16
2299	34	3	4	7	8	10	16
2300	0	1	34	16
2301	34	3	4	7	8	10	16
2302	0	1	34	16
2303	34	3	4	7	8	10	16
2304	0	1	34	16
2305	34	3	4	7	8	10	16
2306	0	1	34	16
2307	34	3	4	7	8	16	30	31
2309	34	3	4	7	8	10	16
2310	0	1	34	16
2311	34	3	4	7	8	10	16
2312	0	1	34	16
2313	34	3	4	7	8	10	16
2314	0	1	34	16
2315	34	3	4	7	8	10	16
2316	0	1	34	16
2317	34	3	4	7	8	10	16
2318	0	1	34	16
2319	34	3	4	7	8	16	30	31
2321	34	3	4	7	8	10	16
2322	34	3	4	7	16	25	26
2323	0	1	34	16
2324	34	3	4	7	8	10	16
2325	0	1	34	16
2326	34	3	4	7	8	10	16
2327	34	3	4	7	16	25	26
2328	0	1	34	16
2329	34	3	4	7	8	10	16
2330	34	3	4	7	16	25	26
2331	0	1	34	16
2332	34	3	4	7	8	16
2334	34	3	4	7	8	10	16
2335	0	1	34	16
2336	34	3	4	7	8	10	16
2337	0	1	34	16
2338	34	3	4	7	8	10	16
2339	0	1	34	16
2340	34	3	4	7	8	10	16
2341	0	1	34	16
2342	34	3	4	7	8	10	16
2343	0	1	34	16
2344	34	3	4	7	8	10	16
2345	0	1	34	16
2346	34	3	4	7	8	10	16
2347	0	1	34	16
2348	34	3	4	7	8	10	16
2349	0	1	34	16
2350	34	3	4	7	8	10	16
2351	0	1	34	16
2352	34	3	4	7	8	10	16
2353	34	3	4	7	16	25	26
2355	0	1	34	16
2356	34	3	4	7	8	10	16
2357	34	3	4	7	16	25	26
2358	0	1	34	16
2359	34	3	4	7	8	10	16
2360	34	3	4	7	16	25	26
2361	0	1	34	16
2362	34	3	4	7	8	10	16
2363	34	3	4	7	16	25	26
2364	0	1	34	16
2365	34	3	4	7	8	10	16
2366	34	3	4	7	16	25	26
2367	0	1	34	16
2368	34	3	4	7	8	10	16
2369	34	3	4	7	16	25	26
2370	0	1	34	16
2371	34	3	4	7	8	10	16
2372	34	3	4	7	16	25	26
2373	0	1	34	16
2374	34	3	4	7	8	10	16
2375	34	3	4	7	16	25	26
2376	0	1	34	16
2377	34	3	4	7	8	10	16
2378	34	3	4	7	16	25	26
2379	0	1	34	16
2380	34	3	4	7	8	10	16
2381	34	3	4	7	16	25	26
2382	0	1	34	16
2383	34	3	4	7	8	10	16
2384	34	3	4	7	16	25	26
2385	0	1	34	16
2386	34	3	4	7	8	10	16
2387	0	1	34	16
2388	34	3	4	7	8	10	16
2389	0	1	34	16
2390	34	3	4	7	8	10	16
2391	0	1	34	16
2392	34	3	4	7	8	10	16
2393	0	1	34	16
2394	34	3	4	7	8	10	16
2395	0	1	34	16
2396	34	3	4	7	8	10	16
2397	0	1	34	16
2398	34	3	4	7	8	10	16
2399	0	1	34	16
2400	34	3	4	7	8	10	16
2401	0	1	34	16
2402	34	3	4	7	8	10	16
2403	0	1	34	16
2404	34	3	4	7	8	10	16
2405	0	1	34	16
2406	34	3	4	7	8	10	16
2407	0	1	34	16
2408	34	3	4	7	8	10	16
2409	0	1	34	16
2410	34	3	4	7	8	10	16
2411	0	1	34	16
2412	34	3	4	7	8	10	16
2413	34	3	4	7	16	25	26
2414	0	1	34	16
2415	34	3	4	7	8	10	16
2416	34	3	4	7	16	25	26
2417	0	1	34	16
2418	34	3	4	7	8	10	16
2419	0	1	34	16
2420	34	3	4	7	8	10	16
2421	34	3	4	7	16	25	26
2422	0	1	34	16
2423	34	3	4	7	8	10	16
2424	34	3	4	7	16	25	26
2425	0	1	34	16
2426	34	3	4	7	8	10	16
2427	0	1	34	16
2428	34	3	4	7	8	10	16
2429	0	1	34	16
2430	34	3	4	7	8	10	16
2431	0	1	34	16
2432	34	3	4	7	8	10	16
2433	0	1	34	16
2434	34	3	4	7	8	10	16
2435	0	1	34	16
2436	34	3	4	7	8	10	16
2437	0	1	34	16
2438	34	3	4	7	8	10	16
2439	0	1	34	16
2440	34	3	4	7	8	10	16
2441	0	1	34	16
2442	34	3	4	7	8	10	16
2443	0	1	34	16
2444	34	3	4	7	8	10	16
2445	0	1	34	16
2446	34	3	4	7	8	10	16
2447	0	1	34	16
2448	34	3	4	7	8	10	16
2449	0	1	34	16
2450	34	3	4	7	8	10	16
2451	0	1	34	16
2452	34	3	4	7	8	10	16
2453	0	1	34	16
2454	34	3	4	7	8	10	16
2455	34	3	4	7	16	25	26
2456	0	1	34	16
2457	34	3	4	7	8	10	16
2458	34	3	4	7	16	25	26
2459	0	1	34	16
2460	34	3	4	7	8	10	16
2461	34	3	4	7	16	25	26
2462	0	1	34	16
2463	34	3	4	7	8	10	16
2464	34	3	4	7	16	25	26
2465	0	1	34	16
2466	34	3	4	7	8	16
2468	34	3	4	7	8	10	16
2469	0	1	34	16
2470	34	3	4	7	8	10	16
2471	0	1	34	16
2472	34	3	4	7	8	10	16
2473	0	1	34	16
2474	34	3	4	7	8	10	16
2475	0	1	34	16
2476	34	3	4	7	8	16
2478	34	3	4	7	8	10	16
2479	0	1	34	16
2480	34	3	4	7	8	10	16
2481	0	1	34	16
2482	34	3	4	7	8	10	16
2483	0	1	34	16
2484	34	3	4	7	8	10	16
2485	0	1	34	16
2486	34	3	4	7	8	16
2488	34	3	4	7	8	10	16
2489	0	1	34	16
2490	34	3	4	7	8	10	16
2491	0	1	34	16
2492	34	3	4	7	8	10	16
2493	0	1	34	16
2494	34	3	4	7	8	10	16
2495	0	1	34	16
2496	34	3	4	7	8	10	16
2497	0	1	34	16
2498	34	3	4	7	8	10	16
2499	0	1	34	16
2500	34	3	4	7	8	10	16
2501	0	1	34	16
2502	34	3	4	7	8	10	16
2503	0	1	34	16
2504	34	3	4	7	8	10	16
2505	0	1	34	16
2506	34	3	4	7	8	10	16
2507	0	1	34	16
2508	34	3	4	7	8	10	16
2509	0	1	34	16
2510	34	3	4	7	8	10	16
2511	0	1	34	16
2512	34	3	4	7	8	10	16
2513	0	1	34	16
2514	34	3	4	7	8	10	16
2515	0	1	34	16
2516	34	3	4	7	8	10	16
2517	0	1	34	16
2518	34	3	4	7	8	10	16
2519	0	1	34	16
2520	34	3	4	7	8	10	16
2521	0	1	34	16
2522	34	3	4	7	8	10	16
2523	0	1	34	16
2524	34	3	4	7	8	10	16
2525	0	1	34	16
2526	34	3	4	7	8	10	16
2527	0	1	34	16
2528	34	3	4	7	8	10	16
2529	0	1	34	16
2530	34	3	4	7	8	10	16
2531	0	1	34	16
2532	34	3	4	7	8	10	16
2533	0	1	34	16
2534	34	3	4	7	8	10	16
2535	0	1	34	16
2536	34	3	4	7	8	10	16
2537	0	1	34	16
2538	34	3	4	7	8	10	16
2539	0	1	34	16
2540	34	3	4	7	8	10	16
2541	0	1	34	16
2542	34	3	4	7	8	10	16
2543	0	1	34	16
2544	34	3	4	7	8	10	16
2545	0	1	34	16
2546	34	3	4	7	8	10	16
2547	0	1	34	16
2548	34	3	4	7	8	10	16
2549	0	1	34	16
2550	34	3	4	7	8	10	16
2551	0	1	34	16
2552	34	3	4	7	8	10	16
2553	0	1	34	16
2554	34	3	4	7	8	10	16
2555	0	1	34	16
2556	34	3	4	7	8	10	16
2557	0	1	34	16
2558	34	3	4	7	8	10	16
2559	0	1	34	16
2560	34	3	4	7	8	10	16
2561	0	1	34	16
2562	34	3	4	7	8	10	16
2563	0	1	34	16
2564	34	3	4	7	8	10	16
2565	0	1	34	16
2566	34	3	4	7	8	10	16
2567	0	1	34	16
2568	34	3	4	7	8	10	16
2569	0	1	34	16
2570	34	3	4	7	8	10	16
2571	0	1	34	16
2572	34	3	4	7	8	10	16
2573	0	1	34	16
2574	34	3	4	7	8	10	16
2575	0	1	34	16
2576	34	3	4	7	8	10	16
2577	0	1	34	16
2578	34	3	4	7	8	10	16
2579	0	1	34	16
2580	34	3	4	7	8	10	16
2581	0	1	34	16
2582	34	3	4	7	8	10	16
2583	0	1	34	16
2584	34	3	4	7	8	10	16
2585	0	1	34	16
2586	34	3	4	7	8	10	16
2587	0	1	34	16
2588	34	3	4	7	8	10	16
2589	0	1	34	16
2590	34	3	4	7	8	10	16
2591	0	1	34	16
2592	34	3	4	7	8	10	16
2593	0	1	34	16
2594	34	3	4	7	8	10	16
2595	0	1	34	16
2596	34	3	4	7	8	10	16
2597	0	1	34	16
2598	34	3	4	7	8	10	16
2599	0	1	34	16
2600	34	3	4	7	8	16
2602	34	3	4	7	8	10	16
2603	0	1	34	16
2604	34	3	4	7	8	10	16
2605	0	1	34	16
2606	34	3	4	7	8	10	16
2607	0	1	34	16
2608	34	3	4	7	8	10	16
2609	0	1	34	16
2610	34	3	4	7	16	25	26
2612	34	3	4	13	14	16
2613	34	3	4	7	16	25	26
2616	0	1	34	16
2618	0	1	34	16
2619	16	34	3	4
2622	0	1	34	16
2623	16	34	3	4
2624	16	34	3	4
2625	16	34	3	4
2626	34	3	4	7	16	30	31
2627	16	34	3	4
2628	16	34	3	4
2629	16	34	3	4
2630	34	3	4	7	16	25	26
2637	0	1	34	16
2638	16	34	3	4
2639	16	34	3	4
2640	16	34	3	4
2641	16	34	3	4
2645	0	1	34	16
2646	16	34	3	4
2648	0	1	34	16
2649	34	3	4	7	16	25	26
2651	0	1	34	16
2652	0	1	34	16
2653	0	1	34	16
2654	16	34	3	4
2655	34	3	4	7	16	25	26
2657	0	1	34	16
2658	16	34	3	4
2660	0	1	34	16
2662	0	1	34	16
2663	16	34	3	4
2665	0	1	34	16
2666	34	3	4	7	16	25	26
2667	34	3	4	7	16	25	26
2668	34	3	4	7	16	25	26
2672	0	1	34	16
2673	34	3	4	7	16	25	26
2675	0	1	34	16
2676	34	3	4	7	16	25	26
2677	34	3	4	7	16	25	26
2678	34	3	4	7	16	25	26
2681	0	1	34	16
2682	0	1	34	16
2683	34	3	4	7	16	25	26
2684	34	3	4	7	16	25	26
2685	0	1	34	16
2686	34	3	4	7	16	25	26
2688	0	1	34	16
2689	0	1	34	16
2690	34	3	4	7	16	25	26
2691	34	3	4	7	16	25	26
2692	34	3	4	7	16	25	26
2695	0	1	34	16
2696	0	1	34	16
2697	0	1	34	16
2698	34	3	4	7	16	25	26
2700	0	1	34	16
2701	34	3	4	7	16	25	26
2702	0	1	34	16
2703	34	3	4	7	16	25	26
2704	0	1	34	16
2705	34	3	4	7	16	25	26
2706	34	3	4	7	16	25	26
2707	34	3	4	7	16	25	26
2709	0	1	34	16
2710	0	1	34	16
2711	0	1	34	16
2712	0	1	34	16
2713	34	3	4	7	16	25	26
2714	16	34	3	4
2715	16	34	3	4
2716	34	3	4	7	16	25	26
2717	0	1	34	16
2718	34	3	4	7	16	25	26
2719	16	34	3	4
2720	34	3	4	7	16	25	26
2721	0	1	34	16
2722	34	3	4	13	14	16
2723	34	3	4	7	16	30	31
2724	34	3	4	7	16	30
2725	34	3	4	7	16	25	26
2727	0	1	34	16
2728	34	3	4	13	14	16
2729	34	3	4	7	16	25	26
2730	0	1	34	16
2731	34	3	4	13	14	16
2732	34	3	4	13	14	16
2733	34	3	4	7	16	30
2734	34	3	4	7	16	25	26
2735	0	1	34	16
2736	34	3	4	13	14	16
2737	34	3	4	7	16	25	26
2738	0	1	34	16
2739	16	34	3	4
2740	16	34	3	4
2741	34	3	4	7	16	25	26
2743	0	1	34	16
2744	34	3	4	7	16	25	26
2745	0	1	34	16
2746	16	34	3	4
2747	16	34	3	4
2748	34	3	4	7	16	25	26
2749	0	1	34	16
2750	16	34	3	4
2751	16	34	3	4
2752	16	34	3	4
2755	0	1	34	16
2756	16	34	3	4
2758	0	1	34	16
2759	16	34	3	4
2760	16	34	3	4
2762	0	1	34	16
2763	16	34	3	4
2764	16	34	3	4
2765	16	34	3	4
2768	0	1	34	16
2769	16	34	3	4
2770	16	34	3	4
2772	0	1	34	16
2773	16	34	3	4
2774	16	34	3	4
2776	0	1	34	16
2777	16	34	3	4
2778	16	34	3	4
2780	0	1	34	16
2781	16	34	3	4
2783	0	1	34	16
2784	16	34	3	4
2785	16	34	3	4
2787	0	1	34	16
2788	34	3	4	7	16	25	26
2790	0	1	34	16
2791	0	1	34	16
2792	0	1	34	16
2793	34	3	4	7	16	25	26
2795	0	1	34	16
2796	0	1	34	16
2797	34	3	4	7	16	30	31
2798	16	34	3	4
2799	16	34	3	4
2800	34	3	4	7	16	25	26
2801	0	1	34	16
2802	0	1	34	16
2803	16	34	3	4
2804	16	34	3	4
2805	0	1	34	16
2806	0	1	34	16
2807	16	34	3	4
2813	0	1	34	16
2814	16	34	3	4
2817	0	1	34	16
2818	16	34	3	4
2821	0	1	34	16
2822	16	34	3	4
2825	0	1	34	16
2826	0	1	34	16
2827	0	1	34	16
2828	34	3	4	13	14	16
2829	16	34	3	4
2830	34	3	4	13	14	16
2831	34	3	4	13	14	16
2832	34	3	4	13	14	16
2833	34	3	4	13	14	16
2834	16	34	3	4
2838	0	1	34	16
2840	0	1	34	16
2842	0	1	34	16
2843	34	3	4	13	14	16
2844	0	1	34	16
2845	34	3	4	13	14	16
2846	16	34	3	4
2847	34	3	4	13	14	16
2850	0	1	34	16
2852	0	1	34	16
2853	34	3	4	13	14	16
2854	0	1	34	16
2855	0	1	34	16
2856	34	3	4	13	14	16
2857	0	1	34	16
2858	0	1	34	16
2859	34	3	4	13	14	16
2860	0	1	34	16
2861	0	1	34	16
2862	34	3	4	13	14	16
2863	0	1	34	16
2864	0	1	34	16
2865	34	3	4	7	16	30	31
2867	34	3	4	7	16	30	31
2868	16	34	3	4
2869	0	1	34	16
2870	34	3	4	7	16	30	31
2871	16	34	3	4
2872	0	1	34	16
2873	0	1	34	16
2874	16	34	3	4
2875	0	1	34	16
2876	16	34	3	4
2877	0	1	34	16
2878	0	1	34	16
2879	16	34	3	4
2880	16	34	3	4
2881	0	1	34	16
2882	16	34	3	4
2883	16	34	3	4
2884	0	1	34	16
2885	16	34	3	4
2886	0	1	34	16
2887	16	34	3	4
2888	0	1	34	16
2889	16	34	3	4
2890	0	1	34	16
2891	0	1	34	16
2892	16	34	3	4
2893	0	1	34	16
2894	34	3	4	7	16	30	31
2895	16	34	3	4
2896	0	1	34	16
2897	0	1	34	16
2898	16	34	3	4
2899	0	1	34	16
2900	16	34	3	4
2901	0	1	34	16
2902	16	34	3	4
2903	0	1	34	16
2904	34	3	4	7	16	17	19	30	31
2905	34	3	4	7	16	30	31
2906	0	1	34	16
2907	34	3	4	7	16	30	31
2908	0	1	34	16
2909	0	1	34	16
2910	34	3	4	7	16	30	31
2911	0	1	34	16
2912	32	34	3	4	7	16	19	30	31
2913	34	3	4	7	16	30	31
2914	0	1	34	16
2915	34	3	4	7	16	30	31
2916	0	1	34	16
2917	34	3	4	7	16	30	31
2918	0	1	34	16
2919	34	3	4	7	16	30	31
2920	0	1	34	16
2921	16	34	3	4
2922	16	34	3	4
2923	0	1	34	16
2924	16	34	3	4
2925	16	34	3	4
2926	0	1	34	16
2927	16	34	3	4
2928	0	1	34	16
2929	16	34	3	4
2930	0	1	34	16
2931	16	34	3	4
2932	0	1	34	16
2933	0	1	34	16
2934	16	34	3	4
2935	0	1	34	16
2936	34	3	4	7	16	30	31
2938	16	34	3	4
2939	0	1	34	16
2940	0	1	34	16
2941	16	34	3	4
2942	0	1	34	16
2943	34	3	4	7	16	25	26
2944	34	3	4	7	16	25	26
2948	0	1	34	16
2949	34	3	4	7	16	25	26
2953	0	1	34	16
2954	34	3	4	7	16	25	26
2958	0	1	34	16
2959	16	34	3	4
2960	34	3	4	7	16	30	31
2961	34	3	4	7	16	25	26
2962	0	1	34	16
2963	0	1	34	16
2964	34	3	4	7	8	10	16
2965	34	3	4	7	16	25	26
2966	34	3	4	7	16	25	26
2968	0	1	34	16
2969	34	3	4	7	8	10	16
2970	34	3	4	7	16	25	26
2972	0	1	34	16
2973	34	3	4	7	8	10	16
2975	0	1	34	16
2976	34	3	4	7	8	10	16
2978	0	1	34	16
2979	34	3	4	7	8	10	16
2980	34	3	4	7	16	25	26
2982	0	1	34	16
2983	34	3	4	7	8	10	16
2984	34	3	4	7	16	25	26
2986	0	1	34	16
2987	34	3	4	7	8	10	16
2988	34	3	4	7	16	25	26
2990	0	1	34	16
2991	34	3	4	7	8	10	16
2992	0	1	34	16
2993	34	3	4	7	8	10	16
2994	34	3	4	7	16	25	26
2996	0	1	34	16
2997	34	3	4	7	8	10	16
2998	0	1	34	16
2999	34	3	4	7	8	10	16
3000	0	1	34	16
3001	34	3	4	7	8	10	16
3002	34	3	4	7	16	25	26
3004	0	1	34	16
3005	34	3	4	7	8	10	16
3006	34	3	4	7	16	25	26
3008	0	1	34	16
3009	34	3	4	7	8	10	16
3010	34	3	4	7	16	25	26
3011	0	1	34	16
3012	34	3	4	7	8	10	16
3013	0	1	34	16
3014	34	3	4	7	8	10	16
3015	0	1	34	16
3016	34	3	4	7	8	10	16
3017	34	3	4	7	16	25	26
3019	0	1	34	16
3020	34	3	4	7	8	10	16
3021	0	1	34	16
3022	34	3	4	7	8	10	16
3023	0	1	34	16
3024	34	3	4	7	8	10	16
3025	0	1	34	16
3026	34	3	4	7	8	10	16
3027	0	1	34	16
3028	34	3	4	7	8	10	16
3029	0	1	34	16
3030	34	3	4	7	8	10	16
3031	34	3	4	7	16	25	26
3032	0	1	34	16
3033	34	3	4	7	8	10	16
3034	34	3	4	7	16	25	26
3035	0	1	34	16
3036	34	3	4	7	8	10	16
3037	0	1	34	16
3038	34	3	4	7	8	10	16
3039	0	1	34	16
3040	34	3	4	7	8	10	16
3041	0	1	34	16
3042	34	3	4	7	8	10	16
3044	0	1	34	16
3045	34	3	4	7	8	10	16
3046	0	1	34	16
3047	34	3	4	7	8	10	16
3048	0	1	34	16
3049	34	3	4	7	8	10	16
3050	0	1	34	16
3051	34	3	4	7	8	10	16
3052	0	1	34	16
3053	34	3	4	7	8	10	16
3054	0	1	34	16
3055	34	3	4	7	8	10	16
3056	0	1	34	16
3057	34	3	4	7	8	10	16
3058	0	1	34	16
3059	34	3	4	7	8	10	16
3060	0	1	34	16
3061	16	34	3	4
3062	16	34	3	4
3063	16	34	3	4
3064	16	34	3	4
3065	34	3	4	13	14	16
3066	16	34	3	4
3067	16	34	3	4
3068	34	3	4	13	14	16
3069	16	34	3	4
3070	16	34	3	4
3071	34	3	4	7	16	25	26
3074	0	1	34	16
3075	16	34	3	4
3076	16	34	3	4
3077	34	3	4	7	16	25	26
3078	0	1	34	16
3079	16	34	3	4
3080	16	34	3	4
3081	0	1	34	16
3082	16	34	3	4
3083	16	34	3	4
3084	0	1	34	16
3085	16	34	3	4
3086	16	34	3	4
3087	0	1	34	16
3088	16	34	3	4
3089	16	34	3	4
3090	0	1	34	16
3091	16	34	3	4
3092	16	34	3	4
3093	0	1	34	16
3094	16	34	3	4
3095	16	34	3	4
3096	0	1	34	16
3097	16	34	3	4
3098	16	34	3	4
3099	0	1	34	16
3100	16	34	3	4
3101	16	34	3	4
3102	0	1	34	16
3103	16	34	3	4
3104	16	34	3	4
3105	0	1	34	16
3106	16	34	3	4
3107	16	34	3	4
3108	0	1	34	16
3109	16	34	3	4
3110	16	34	3	4
3111	0	1	34	16
3112	16	34	3	4
3113	16	34	3	4
3114	0	1	34	16
3115	16	34	3	4
3116	16	34	3	4
3117	0	1	34	16
3118	16	34	3	4
3119	16	34	3	4
3120	0	1	34	16
3121	16	34	3	4
3122	16	34	3	4
3123	0	1	34	16
3124	16	34	3	4
3125	16	34	3	4
3126	0	1	34	16
3127	16	34	3	4
3128	16	34	3	4
3129	0	1	34	16
3130	16	34	3	4
3131	16	34	3	4
3132	0	1	34	16
3133	16	34	3	4
3134	16	34	3	4
3135	0	1	34	16
3136	16	34	3	4
3137	16	34	3	4
3138	0	1	34	16
3139	16	34	3	4
3140	16	34	3	4
3141	0	1	34	16
3142	16	34	3	4
3143	16	34	3	4
3144	0	1	34	16
3145	16	34	3	4
3146	16	34	3	4
3147	0	1	34	16
3148	16	34	3	4
3149	16	34	3	4
3150	0	1	34	16
3151	16	34	3	4
3152	16	34	3	4
3153	0	1	34	16
3154	16	34	3	4
3155	16	34	3	4
3156	0	1	34	16
3157	16	34	3	4
3158	16	34	3	4
3159	0	1	34	16
3160	16	34	3	4
3161	16	34	3	4
3162	0	1	34	16
3163	16	34	3	4
3164	16	34	3	4
3165	0	1	34	16
3166	16	34	3	4
3167	16	34	3	4
3168	0	1	34	16
3169	16	34	3	4
3170	16	34	3	4
3171	0	1	34	16
3172	16	34	3	4
3173	16	34	3	4
3174	0	1	34	16
3175	16	34	3	4
3176	16	34	3	4
3177	0	1	34	16
3178	16	34	3	4
3179	16	34	3	4
3180	0	1	34	16
3181	16	34	3	4
3182	16	34	3	4
3183	0	1	34	16
3184	16	34	3	4
3185	16	34	3	4
3186	0	1	34	16
3187	16	34	3	4
3188	16	34	3	4
3189	0	1	34	16
3190	16	34	3	4
3191	16	34	3	4
3192	0	1	34	16
3193	16	34	3	4
3194	16	34	3	4
3195	0	1	34	16
3196	16	34	3	4
3197	16	34	3	4
3198	0	1	34	16
3199	16	34	3	4
3200	16	34	3	4
3201	0	1	34	16
3202	16	34	3	4
3203	16	34	3	4
3204	0	1	34	16
3205	16	34	3	4
3206	16	34	3	4
3207	0	1	34	16
3208	16	34	3	4
3209	16	34	3	4
3210	0	1	34	16
3211	16	34	3	4
3212	16	34	3	4
3213	0	1	34	16
3214	16	34	3	4
3215	16	34	3	4
3216	0	1	34	16
3217	16	34	3	4
3218	16	34	3	4
3219	0	1	34	16
3220	16	34	3	4
3221	16	34	3	4
3222	0	1	34	16
3223	16	34	3	4
3224	16	34	3	4
3225	0	1	34	16
3226	16	34	3	4
3227	16	34	3	4
3228	0	1	34	16
3229	16	34	3	4
3230	16	34	3	4
3231	0	1	34	16
3232	16	34	3	4
3233	16	34	3	4
3234	0	1	34	16
3235	16	34	3	4
3236	16	34	3	4
3237	0	1	34	16
3238	16	34	3	4
3239	16	34	3	4
3240	0	1	34	16
3241	16	34	3	4
3242	16	34	3	4
3243	0	1	34	16
3244	16	34	3	4
3245	16	34	3	4
3246	0	1	34	16
3247	16	34	3	4
3248	16	34	3	4
3249	0	1	34	16
3250	16	34	3	4
3251	16	34	3	4
3252	0	1	34	16
3253	16	34	3	4
3254	16	34	3	4
3255	0	1	34	16
3256	16	34	3	4
3257	16	34	3	4
3258	0	1	34	16
3259	16	34	3	4
3260	16	34	3	4
3261	0	1	34	16
3262	16	34	3	4
3263	16	34	3	4
3264	0	1	34	16
3265	16	34	3	4
3266	16	34	3	4
3267	0	1	34	16
3268	16	34	3	4
3269	16	34	3	4
3270	0	1	34	16
3271	16	34	3	4
3272	16	34	3	4
3273	0	1	34	16
3274	16	34	3	4
3275	16	34	3	4
3276	0	1	34	16
3277	16	34	3	4
3278	16	34	3	4
3279	0	1	34	16
3280	16	34	3	4
3281	16	34	3	4
3282	0	1	34	16
3283	16	34	3	4
3284	16	34	3	4
3285	0	1	34	16
3286	16	34	3	4
3287	16	34	3	4
3288	0	1	34	16
3289	16	34	3	4
3290	16	34	3	4
3291	0	1	34	16
3292	16	34	3	4
3293	16	34	3	4
3294	0	1	34	16
3295	16	34	3	4
3296	16	34	3	4
3297	0	1	34	16
3298	16	34	3	4
3299	16	34	3	4
3300	0	1	34	16
3301	16	34	3	4
3302	16	34	3	4
3303	0	1	34	16
3304	16	34	3	4
3305	16	34	3	4
3306	0	1	34	16
3307	16	34	3	4
3308	16	34	3	4
3309	0	1	34	16
3310	16	34	3	4
3311	16	34	3	4
3312	0	1	34	16
3313	16	34	3	4
3314	16	34	3	4
3315	0	1	34	16
3316	16	34	3	4
3317	16	34	3	4
3318	0	1	34	16
3319	16	34	3	4
3320	16	34	3	4
3321	0	1	34	16
3322	16	34	3	4
3323	16	34	3	4
3324	0	1	34	16
3325	16	34	3	4
3326	16	34	3	4
3327	0	1	34	16
3328	16	34	3	4
3329	16	34	3	4
3330	0	1	34	16
3331	16	34	3	4
3332	16	34	3	4
3333	0	1	34	16
3334	16	34	3	4
3335	16	34	3	4
3336	0	1	34	16
3337	16	34	3	4
3338	16	34	3	4
3339	0	1	34	16
3340	16	34	3	4
3341	16	34	3	4
3342	0	1	34	16
3343	16	34	3	4
3344	16	34	3	4
3345	0	1	34	16
3346	16	34	3	4
3347	16	34	3	4
3348	0	1	34	16
3349	16	34	3	4
3350	16	34	3	4
3351	0	1	34	16
3352	16	34	3	4
3353	16	34	3	4
3354	0	1	34	16
3355	16	34	3	4
3356	16	34	3	4
3357	0	1	34	16
3358	16	34	3	4
3359	16	34	3	4
3360	0	1	34	16
3361	16	34	3	4
3362	16	34	3	4
3363	0	1	34	16
3364	16	34	3	4
3365	16	34	3	4
3366	0	1	34	16
3367	16	34	3	4
3368	16	34	3	4
3369	0	1	34	16
3370	16	34	3	4
3371	16	34	3	4
3372	0	1	34	16
3373	16	34	3	4
3374	16	34	3	4
3375	0	1	34	16
3376	16	34	3	4
3377	16	34	3	4
3378	0	1	34	16
3379	16	34	3	4
3380	16	34	3	4
3381	0	1	34	16
3382	16	34	3	4
3383	16	34	3	4
3384	0	1	34	16
3385	16	34	3	4
3386	16	34	3	4
3387	0	1	34	16
3388	16	34	3	4
3389	16	34	3	4
3390	0	1	34	16
3391	16	34	3	4
3392	16	34	3	4
3393	0	1	34	16
3394	16	34	3	4
3395	16	34	3	4
3396	0	1	34	16
3397	16	34	3	4
3398	16	34	3	4
3399	0	1	34	16
3400	16	34	3	4
3401	16	34	3	4
3402	0	1	34	16
3403	16	34	3	4
3404	16	34	3	4
3405	0	1	34	16
3406	16	34	3	4
3407	16	34	3	4
3408	0	1	34	16
3409	16	34	3	4
3410	16	34	3	4
3411	0	1	34	16
3412	16	34	3	4
3413	16	34	3	4
3414	0	1	34	16
3415	16	34	3	4
3416	16	34	3	4
3417	0	1	34	16
3418	16	34	3	4
3419	16	34	3	4
3420	0	1	34	16
3421	16	34	3	4
3422	16	34	3	4
3423	0	1	34	16
3424	16	34	3	4
3425	16	34	3	4
3426	0	1	34	16
3427	16	34	3	4
3428	16	34	3	4
3429	0	1	34	16
3430	16	34	3	4
3431	16	34	3	4
3432	0	1	34	16
3433	16	34	3	4
3434	16	34	3	4
3435	0	1	34	16
3436	16	34	3	4
3437	16	34	3	4
3438	0	1	34	16
3439	16	34	3	4
3440	16	34	3	4
3441	0	1	34	16
3442	16	34	3	4
3443	16	34	3	4
3444	0	1	34	16
3445	16	34	3	4
3446	16	34	3	4
3447	0	1	34	16
3448	16	34	3	4
3449	16	34	3	4
3450	0	1	34	16
3451	16	34	3	4
3452	16	34	3	4
3453	0	1	34	16
3454	16	34	3	4
3455	16	34	3	4
3456	0	1	34	16
3457	16	34	3	4
3458	16	34	3	4
3459	0	1	34	16
3460	16	34	3	4
3461	16	34	3	4
3462	0	1	34	16
3463	16	34	3	4
3464	16	34	3	4
3465	0	1	34	16
3466	16	34	3	4
3467	16	34	3	4
3468	0	1	34	16
3469	16	34	3	4
3470	16	34	3	4
3471	0	1	34	16
3472	16	34	3	4
3473	16	34	3	4
3474	0	1	34	16
3475	16	34	3	4
3476	16	34	3	4
3477	0	1	34	16
3478	16	34	3	4
3479	16	34	3	4
3480	0	1	34	16
3481	16	34	3	4
3482	16	34	3	4
3483	0	1	34	16
3484	16	34	3	4
3485	16	34	3	4
3486	0	1	34	16
3487	16	34	3	4
3488	16	34	3	4
3489	0	1	34	16
3490	16	34	3	4
3491	16	34	3	4
3492	0	1	34	16
3493	16	34	3	4
3494	16	34	3	4
3495	0	1	34	16
3496	16	34	3	4
3497	16	34	3	4
3498	0	1	34	16
3499	16	34	3	4
3500	16	34	3	4
3501	0	1	34	16
3502	16	34	3	4
3503	16	34	3	4
3504	0	1	34	16
3505	16	34	3	4
3506	16	34	3	4
3507	0	1	34	16
3508	16	34	3	4
3509	16	34	3	4
3510	0	1	34	16
3511	16	34	3	4
3512	16	34	3	4
3513	0	1	34	16
3514	16	34	3	4
3515	16	34	3	4
3516	0	1	34	16
3517	16	34	3	4
3518	16	34	3	4
3519	0	1	34	16
3520	16	34	3	4
3521	16	34	3	4
3522	0	1	34	16
3523	16	34	3	4
3524	16	34	3	4
3525	0	1	34	16
3526	16	34	3	4
3527	16	34	3	4
3528	0	1	34	16
3529	16	34	3	4
3530	16	34	3	4
3531	0	1	34	16
3532	16	34	3	4
3533	16	34	3	4
3534	0	1	34	16
3535	16	34	3	4
3536	16	34	3	4
3537	0	1	34	16
3538	16	34	3	4
3539	16	34	3	4
3540	0	1	34	16
3541	16	34	3	4
3542	16	34	3	4
3543	0	1	34	16
3544	16	34	3	4
3545	16	34	3	4
3546	0	1	34	16
3547	16	34	3	4
3548	16	34	3	4
3549	0	1	34	16
3550	16	34	3	4
3551	16	34	3	4
3552	0	1	34	16
3553	16	34	3	4
3554	16	34	3	4
3555	0	1	34	16
3556	16	34	3	4
3557	16	34	3	4
3558	0	1	34	16
3559	16	34	3	4
3560	16	34	3	4
3561	0	1	34	16
3562	16	34	3	4
3563	16	34	3	4
3564	0	1	34	16
3565	16	34	3	4
3566	16	34	3	4
3567	0	1	34	16
3568	16	34	3	4
3569	16	34	3	4
3570	0	1	34	16
3571	16	34	3	4
3572	16	34	3	4
3573	0	1	34	16
3574	16	34	3	4
3575	16	34	3	4
3576	0	1	34	16
3577	16	34	3	4
3578	16	34	3	4
3579	0	1	34	16
3580	16	34	3	4
3581	16	34	3	4
3582	0	1	34	16
3583	16	34	3	4
3584	16	34	3	4
3585	0	1	34	16
3586	16	34	3	4
3587	16	34	3	4
3588	0	1	34	16
3589	16	34	3	4
3590	16	34	3	4
3591	0	1	34	16
3592	16	34	3	4
3593	16	34	3	4
3594	0	1	34	16
3595	16	34	3	4
3596	16	34	3	4
3597	0	1	34	16
3598	16	34	3	4
3599	16	34	3	4
3600	0	1	34	16
3601	16	34	3	4
3602	16	34	3	4
3603	0	1	34	16
3604	16	34	3	4
3605	16	34	3	4
3606	0	1	34	16
3607	16	34	3	4
3608	16	34	3	4
3609	0	1	34	16
3610	16	34	3	4
3611	16	34	3	4
3612	0	1	34	16
3613	16	34	3	4
3614	16	34	3	4
3615	0	1	34	16
3616	16	34	3	4
3617	16	34	3	4
3618	0	1	34	16
3619	16	34	3	4
3620	16	34	3	4
3621	0	1	34	16
3622	16	34	3	4
3623	16	34	3	4
3624	0	1	34	16
3625	16	34	3	4
3626	16	34	3	4
3627	0	1	34	16
3628	16	34	3	4
3629	16	34	3	4
3630	0	1	34	16
3631	16	34	3	4
3632	16	34	3	4
3633	0	1	34	16
3634	16	34	3	4
3635	16	34	3	4
3636	0	1	34	16
3637	16	34	3	4
3638	16	34	3	4
3639	0	1	34	16
3640	16	34	3	4
3641	16	34	3	4
3642	0	1	34	16
3643	16	34	3	4
3644	16	34	3	4
3645	0	1	34	16
3646	16	34	3	4
3647	16	34	3	4
3648	0	1	34	16
3649	16	34	3	4
3650	16	34	3	4
3651	0	1	34	16
3652	16	34	3	4
3653	16	34	3	4
3654	0	1	34	16
3655	16	34	3	4
3656	16	34	3	4
3657	0	1	34	16
3658	16	34	3	4
3659	16	34	3	4
3660	0	1	34	16
3661	16	34	3	4
3662	16	34	3	4
3663	0	1	34	16
3664	16	34	3	4
3665	16	34	3	4
3666	0	1	34	16
3667	16	34	3	4
3668	16	34	3	4
3669	0	1	34	16
3670	16	34	3	4
3671	16	34	3	4
3672	0	1	34	16
3673	16	34	3	4
3674	16	34	3	4
3675	0	1	34	16
3676	16	34	3	4
3677	16	34	3	4
3678	0	1	34	16
3679	16	34	3	4
3680	16	34	3	4
3681	0	1	34	16
3682	16	34	3	4
3683	16	34	3	4
3684	0	1	34	16
3685	16	34	3	4
3686	16	34	3	4
3687	0	1	34	16
3688	16	34	3	4
3689	16	34	3	4
3690	0	1	34	16
3691	16	34	3	4
3692	16	34	3	4
3693	0	1	34	16
3694	16	34	3	4
3695	16	34	3	4
3696	0	1	34	16
3697	16	34	3	4
3698	16	34	3	4
3699	0	1	34	16
3700	16	34	3	4
3701	16	34	3	4
3702	0	1	34	16
3703	16	34	3	4
3704	16	34	3	4
3705	0	1	34	16
3706	16	34	3	4
3707	16	34	3	4
3708	0	1	34	16
3709	16	34	3	4
3710	16	34	3	4
3711	0	1	34	16
3712	16	34	3	4
3713	16	34	3	4
3714	0	1	34	16
3715	16	34	3	4
3716	16	34	3	4
3717	0	1	34	16
3718	16	34	3	4
3719	16	34	3	4
3720	0	1	34	16
3721	16	34	3	4
3722	16	34	3	4
3723	0	1	34	16
3724	16	34	3	4
3725	16	34	3	4
3726	0	1	34	16
3727	16	34	3	4
3728	16	34	3	4
3729	0	1	34	16
3730	16	34	3	4
3731	16	34	3	4
3732	0	1	34	16
3733	16	34	3	4
3734	16	34	3	4
3735	0	1	34	16
3736	16	34	3	4
3737	16	34	3	4
3738	0	1	34	16
3739	16	34	3	4
3740	16	34	3	4
3741	0	1	34	16
3742	16	34	3	4
3743	16	34	3	4
3744	0	1	34	16
3745	16	34	3	4
3746	16	34	3	4
3747	0	1	34	16
3748	16	34	3	4
3749	16	34	3	4
3750	0	1	34	16
3751	16	34	3	4
3752	16	34	3	4
3753	0	1	34	16
3754	16	34	3	4
3755	16	34	3	4
3756	0	1	34	16
3757	16	34	3	4
3758	16	34	3	4
3759	0	1	34	16
3760	16	34	3	4
3761	16	34	3	4
3762	0	1	34	16
3763	16	34	3	4
3764	16	34	3	4
3765	0	1	34	16
3766	16	34	3	4
3767	16	34	3	4
3768	0	1	34	16
3769	16	34	3	4
3770	16	34	3	4
3771	0	1	34	16
3772	16	34	3	4
3773	16	34	3	4
3774	0	1	34	16
3775	16	34	3	4
3776	16	34	3	4
3777	0	1	34	16
3778	16	34	3	4
3779	16	34	3	4
3780	0	1	34	16
3781	16	34	3	4
3782	16	34	3	4
3783	0	1	34	16
3784	16	34	3	4
3785	16	34	3	4
3786	0	1	34	16
3787	16	34	3	4
3788	16	34	3	4
3789	0	1	34	16
3790	16	34	3	4
3791	16	34	3	4
3792	0	1	34	16
3793	16	34	3	4
3794	16	34	3	4
3795	0	1	34	16
3796	16	34	3	4
3797	16	34	3	4
3798	0	1	34	16
3799	16	34	3	4
3800	16	34	3	4
3801	0	1	34	16
3802	16	34	3	4
3803	16	34	3	4
3804	0	1	34	16
3805	16	34	3	4
3806	16	34	3	4
3807	0	1	34	16
3808	16	34	3	4
3809	16	34	3	4
3810	0	1	34	16
3811	16	34	3	4
3812	16	34	3	4
3813	0	1	34	16
3814	16	34	3	4
3815	16	34	3	4
3816	0	1	34	16
3817	16	34	3	4
3818	16	34	3	4
3819	0	1	34	16
3820	16	34	3	4
3821	16	34	3	4
3822	0	1	34	16
3823	16	34	3	4
3824	16	34	3	4
3825	0	1	34	16
3826	16	34	3	4
3827	16	34	3	4
3828	0	1	34	16
3829	16	34	3	4
3830	16	34	3	4
3831	0	1	34	16
3832	16	34	3	4
3833	16	34	3	4
3834	0	1	34	16
3835	16	34	3	4
3836	16	34	3	4
3837	0	1	34	16
3838	16	34	3	4
3839	16	34	3	4
3840	0	1	34	16
3841	16	34	3	4
3842	16	34	3	4
3843	0	1	34	16
3844	16	34	3	4
3845	16	34	3	4
3846	0	1	34	16
3847	16	34	3	4
3848	16	34	3	4
3849	0	1	34	16
3850	16	34	3	4
3851	16	34	3	4
3852	0	1	34	16
3853	16	34	3	4
3854	16	34	3	4
3855	0	1	34	16
3856	16	34	3	4
3857	16	34	3	4
3858	0	1	34	16
3859	16	34	3	4
3860	16	34	3	4
3861	0	1	34	16
3862	16	34	3	4
3863	16	34	3	4
3864	0	1	34	16
3865	16	34	3	4
3866	16	34	3	4
3867	0	1	34	16
3868	16	34	3	4
3869	16	34	3	4
3870	0	1	34	16
3871	16	34	3	4
3872	16	34	3	4
3873	0	1	34	16
3874	16	34	3	4
3875	16	34	3	4
3876	0	1	34	16
3877	16	34	3	4
3878	16	34	3	4
3879	0	1	34	16
3880	16	34	3	4
3881	16	34	3	4
3882	0	1	34	16
3883	16	34	3	4
3884	16	34	3	4
3885	0	1	34	16
3886	16	34	3	4
3887	16	34	3	4
3888	0	1	34	16
3889	16	34	3	4
3890	16	34	3	4
3891	0	1	34	16
3892	16	34	3	4
3893	16	34	3	4
3894	0	1	34	16
3895	16	34	3	4
3896	16	34	3	4
3897	0	1	34	16
3898	16	34	3	4
3899	16	34	3	4
3900	0	1	34	16
3901	16	34	3	4
3902	16	34	3	4
3903	0	1	34	16
3904	16	34	3	4
3905	16	34	3	4
3906	0	1	34	16
3907	16	34	3	4
3908	16	34	3	4
3909	0	1	34	16
3910	16	34	3	4
3911	16	34	3	4
3912	0	1	34	16
3913	16	34	3	4
3914	16	34	3	4
3915	0	1	34	16
3916	16	34	3	4
3917	16	34	3	4
3918	0	1	34	16
3919	16	34	3	4
3920	16	34	3	4
3921	0	1	34	16
3922	16	34	3	4
3923	16	34	3	4
3924	0	1	34	16
3925	16	34	3	4
3926	16	34	3	4
3927	0	1	34	16
3928	16	34	3	4
3929	16	34	3	4
3930	0	1	34	16
3931	16	34	3	4
3932	16	34	3	4
3933	0	1	34	16
3934	16	34	3	4
3935	16	34	3	4
3936	0	1	34	16
3937	16	34	3	4
3938	16	34	3	4
3939	0	1	34	16
3940	16	34	3	4
3941	16	34	3	4
3942	0	1	34	16
3943	16	34	3	4
3944	16	34	3	4
3945	0	1	34	16
3946	16	34	3	4
3947	16	34	3	4
3948	0	1	34	16
3949	16	34	3	4
3950	16	34	3	4
3951	0	1	34	16
3952	16	34	3	4
3953	16	34	3	4
3954	0	1	34	16
3955	16	34	3	4
3956	16	34	3	4
3957	0	1	34	16
3958	16	34	3	4
3959	16	34	3	4
3960	0	1	34	16
3961	16	34	3	4
3962	16	34	3	4
3963	0	1	34	16
3964	16	34	3	4
3965	16	34	3	4
3966	0	1	34	16
3967	16	34	3	4
3968	16	34	3	4
3969	0	1	34	16
3970	16	34	3	4
3971	16	34	3	4
3972	0	1	34	16
3973	16	34	3	4
3974	16	34	3	4
3975	0	1	34	16
3976	16	34	3	4
3977	16	34	3	4
3978	0	1	34	16
3979	16	34	3	4
3980	16	34	3	4
3981	0	1	34	16
3982	16	34	3	4
3983	16	34	3	4
3984	0	1	34	16
3985	16	34	3	4
3986	16	34	3	4
3987	0	1	34	16
3988	16	34	3	4
3989	16	34	3	4
3990	0	1	34	16
3991	16	34	3	4
3992	16	34	3	4
3993	0	1	34	16
3994	16	34	3	4
3995	16	34	3	4
3996	0	1	34	16
3997	16	34	3	4
3998	16	34	3	4
3999	0	1	34	16
4000	16	34	3	4
4001	16	34	3	4
4002	0	1	34	16
4003	16	34	3	4
4004	16	34	3	4
4005	0	1	34	16
4006	16	34	3	4
4007	16	34	3	4
4008	0	1	34	16
4009	16	34	3	4
4010	16	34	3	4
4011	0	1	34	16
4012	16	34	3	4
4013	16	34	3	4
4014	0	1	34	16
4015	16	34	3	4
4016	16	34	3	4
4017	0	1	34	16
4018	16	34	3	4
4019	16	34	3	4
4020	0	1	34	16
4021	16	34	3	4
4022	16	34	3	4
4023	0	1	34	16
4024	16	34	3	4
4025	16	34	3	4
4026	0	1	34	16
4027	16	34	3	4
4028	16	34	3	4
4029	0	1	34	16
4030	16	34	3	4
4031	16	34	3	4
4032	0	1	34	16
4033	16	34	3	4
4034	16	34	3	4
4035	0	1	34	16
4036	16	34	3	4
4037	16	34	3	4
4038	0	1	34	16
4039	16	34	3	4
4040	16	34	3	4
4041	0	1	34	16
4042	16	34	3	4
4043	16	34	3	4
4044	0	1	34	16
4045	16	34	3	4
4046	16	34	3	4
4047	0	1	34	16
4048	16	34	3	4
4049	16	34	3	4
4050	0	1	34	16
4051	16	34	3	4
4052	16	34	3	4
4053	0	1	34	16
4054	16	34	3	4
4055	16	34	3	4
4056	0	1	34	16
4057	16	34	3	4
4058	16	34	3	4
4059	0	1	34	16
4060	16	34	3	4
4061	16	34	3	4
4062	0	1	34	16
4063	16	34	3	4
4064	16	34	3	4
4065	0	1	34	16
4066	16	34	3	4
4067	16	34	3	4
4068	0	1	34	16
4069	16	34	3	4
4070	16	34	3	4
4071	0	1	34	16
4072	16	34	3	4
4073	16	34	3	4
4074	0	1	34	16
4075	16	34	3	4
4076	16	34	3	4
4077	0	1	34	16
4078	16	34	3	4
4079	16	34	3	4
4080	0	1	34	16
4081	16	34	3	4
4082	16	34	3	4
4083	0	1	34	16
4084	16	34	3	4
4085	16	34	3	4
4086	0	1	34	16
4087	16	34	3	4
4088	16	34	3	4
4089	0	1	34	16
4090	16	34	3	4
4091	16	34	3	4
4092	0	1	34	16
4093	16	34	3	4
4094	16	34	3	4
4095	0	1	34	16
4096	16	34	3	4
4097	16	34	3	4
4098	0	1	34	16
4099	16	34	3	4
4100	16	34	3	4
4101	0	1	34	16
4102	16	34	3	4
4103	16	34	3	4
4104	0	1	34	16
4105	16	34	3	4
4106	16	34	3	4
4107	0	1	34	16
4108	16	34	3	4
4109	16	34	3	4
4110	0	1	34	16
4111	16	34	3	4
4112	16	34	3	4
4113	0	1	34	16
4114	16	34	3	4
4115	16	34	3	4
4116	0	1	34	16
4117	16	34	3	4
4118	16	34	3	4
4119	0	1	34	16
4120	16	34	3	4
4121	16	34	3	4
4122	0	1	34	16
4123	16	34	3	4
4124	16	34	3	4
4125	0	1	34	16
4126	16	34	3	4
4127	16	34	3	4
4128	0	1	34	16
4129	16	34	3	4
4130	16	34	3	4
4131	0	1	34	16
4132	16	34	3	4
4133	16	34	3	4
4134	0	1	34	16
4135	16	34	3	4
4136	16	34	3	4
4137	0	1	34	16
4138	16	34	3	4
4139	16	34	3	4
4140	0	1	34	16
4141	16	34	3	4
4142	16	34	3	4
4143	0	1	34	16
4144	16	34	3	4
4145	16	34	3	4
4146	0	1	34	16
4147	16	34	3	4
4148	16	34	3	4
4149	0	1	34	16
4150	16	34	3	4
4151	16	34	3	4
4152	0	1	34	16
4153	16	34	3	4
4154	16	34	3	4
4155	0	1	34	16
4156	16	34	3	4
4157	16	34	3	4
4158	0	1	34	16
4159	16	34	3	4
4160	16	34	3	4
4161	0	1	34	16
4162	16	34	3	4
4163	16	34	3	4
4164	0	1	34	16
4165	16	34	3	4
4166	16	34	3	4
4167	0	1	34	16
4168	16	34	3	4
4169	16	34	3	4
4170	0	1	34	16
4171	16	34	3	4
4172	16	34	3	4
4173	0	1	34	16
4174	16	34	3	4
4175	16	34	3	4
4176	0	1	34	16
4177	16	34	3	4
4178	16	34	3	4
4179	0	1	34	16
4180	16	34	3	4
4181	16	34	3	4
4182	0	1	34	16
4183	16	34	3	4
4184	16	34	3	4
4185	0	1	34	16
4186	16	34	3	4
4187	16	34	3	4
4188	0	1	34	16
4189	16	34	3	4
4190	16	34	3	4
4191	0	1	34	16
4192	16	34	3	4
4193	16	34	3	4
4194	0	1	34	16
4195	16	34	3	4
4196	16	34	3	4
4197	0	1	34	16
4198	16	34	3	4
4199	16	34	3	4
4200	0	1	34	16
4201	16	34	3	4
4202	16	34	3	4
4203	0	1	34	16
4204	16	34	3	4
4205	16	34	3	4
4206	0	1	34	16
4207	16	34	3	4
4208	16	34	3	4
4209	0	1	34	16
4210	16	34	3	4
4211	16	34	3	4
4212	0	1	34	16
4213	16	34	3	4
4214	16	34	3	4
4215	0	1	34	16
4216	16	34	3	4
4217	16	34	3	4
4218	0	1	34	16
4219	16	34	3	4
4220	16	34	3	4
4221	0	1	34	16
4222	16	34	3	4
4223	16	34	3	4
4224	0	1	34	16
4225	16	34	3	4
4226	16	34	3	4
4227	0	1	34	16
4228	16	34	3	4
4229	16	34	3	4
4230	0	1	34	16
4231	16	34	3	4
4232	16	34	3	4
4233	0	1	34	16
4234	16	34	3	4
4235	16	34	3	4
4236	0	1	34	16
4237	16	34	3	4
4238	16	34	3	4
4239	0	1	34	16
4240	16	34	3	4
4241	16	34	3	4
4242	0	1	34	16
4243	16	34	3	4
4244	16	34	3	4
4245	0	1	34	16
4246	16	34	3	4
4247	16	34	3	4
4248	0	1	34	16
4249	16	34	3	4
4250	16	34	3	4
4251	0	1	34	16
4252	16	34	3	4
4253	16	34	3	4
4254	0	1	34	16
4255	16	34	3	4
4256	16	34	3	4
4257	0	1	34	16
4258	16	34	3	4
4259	16	34	3	4
4260	0	1	34	16
4261	16	34	3	4
4262	16	34	3	4
4263	0	1	34	16
4264	16	34	3	4
4265	16	34	3	4
4266	0	1	34	16
4267	16	34	3	4
4268	16	34	3	4
4269	0	1	34	16
4270	16	34	3	4
4271	16	34	3	4
4272	0	1	34	16
4273	16	34	3	4
4274	34	3	4	7	16	25	26
4276	0	1	34	16
4277	0	1	34	16
4278	34	3	4	7	16	25	26
4279	0	1	34	16
4280	0	1	34	16
4281	16	34	3	4
4282	34	3	4	7	16	25	26
4284	0	1	34	16
4285	0	1	34	16
4286	0	1	34	16
4287	0	1	34	16
4288	0	1	34	16
4289	0	1	34	16
4290	0	1	34	16
4291	0	1	34	16
4292	0	1	34	16
4293	0	1	34	16
4294	34	3	4	7	16	30	31
4295	0	1	34	16
4296	0	1	34	16
4297	0	1	34	16
4298	0	1	34	16
4299	34	3	4	7	16	25	26
4300	34	3	4	7	16	25	26
4304	0	1	34	16
4305	34	3	4	7	16	25	26
4306	34	3	4	7	16	25	26
4310	0	1	34	16
4314	0	1	34	16
4318	0	1	34	16
4322	0	1	34	16
4323	34	3	4	7	16	25	26
4326	0	1	34	16
4327	34	3	4	7	16	25	26
4331	0	1	34	16
4332	34	3	4	7	16	25	26
4336	0	1	34	16
4340	0	1	34	16
4343	0	1	34	16
4347	0	1	34	16
4348	34	3	4	7	16	25	26
4352	0	1	34	16
4356	0	1	34	16
4360	0	1	34	16
4364	0	1	34	16
4365	34	3	4	7	16	25	26
4369	0	1	34	16
4370	34	3	4	7	16	25	26
4373	0	1	34	16
4374	34	3	4	7	16	25	26
4378	0	1	34	16
4382	0	1	34	16
4386	0	1	34	16
4390	0	1	34	16
4391	34	3	4	7	16	25	26
4395	0	1	34	16
4396	34	3	4	7	16	25	26
4400	0	1	34	16
4401	34	3	4	7	16	25	26
4405	0	1	34	16
4409	0	1	34	16
4412	0	1	34	16
4416	0	1	34	16
4417	34	3	4	7	16	25	26
4421	0	1	34	16
4422	34	3	4	7	16	25	26
4425	0	1	34	16
4429	0	1	34	16
4433	0	1	34	16
4436	0	1	34	16
4437	34	3	4	7	16	25	26
4440	0	1	34	16
4441	34	3	4	7	16	25	26
4444	0	1	34	16
4447	0	1	34	16
4451	0	1	34	16
4455	0	1	34	16
4459	0	1	34	16
4462	0	1	34	16
4466	0	1	34	16
4470	0	1	34	16
4474	0	1	34	16
4475	34	3	4	7	16	25	26
4479	0	1	34	16
4480	34	3	4	7	16	25	26
4483	0	1	34	16
4486	0	1	34	16
4490	0	1	34	16
4493	0	1	34	16
4494	34	3	4	7	16	25	26
4498	0	1	34	16
4501	0	1	34	16
4504	0	1	34	16
4507	0	1	34	16
4508	34	3	4	7	16	25	26
4512	0	1	34	16
4513	34	3	4	7	16	25	26
4517	0	1	34	16
4518	34	3	4	7	16	25	26
4521	0	1	34	16
4525	0	1	34	16
4529	0	1	34	16
4532	0	1	34	16
4533	34	3	4	7	16	25	26
4537	0	1	34	16
4538	34	3	4	7	16	25	26
4542	0	1	34	16
4543	34	3	4	7	16	25	26
4546	0	1	34	16
4549	0	1	34	16
4552	0	1	34	16
4555	0	1	34	16
4556	34	3	4	7	16	25	26
4559	0	1	34	16
4561	0	1	34	16
4564	0	1	34	16
4567	0	1	34	16
4568	34	3	4	7	16	25	26
4572	0	1	34	16
4573	34	3	4	7	16	25	26
4575	0	1	34	16
4577	0	1	34	16
4579	0	1	34	16
4583	0	1	34	16
4584	34	3	4	7	16	25	26
4587	0	1	34	16
4588	34	3	4	7	16	25	26
4592	0	1	34	16
4593	34	3	4	7	16	25	26
4596	0	1	34	16
4599	0	1	34	16
4602	0	1	34	16
4605	0	1	34	16
4606	34	3	4	7	16	25	26
4610	0	1	34	16
4613	0	1	34	16
4614	34	3	4	7	16	25	26
4618	0	1	34	16
4619	34	3	4	7	16	25	26
4623	0	1	34	16
4624	34	3	4	7	16	25	26
4628	0	1	34	16
4629	34	3	4	7	16	25	26
4632	0	1	34	16
4633	34	3	4	7	16	25	26
4637	0	1	34	16
4639	0	1	34	16
4642	0	1	34	16
4645	0	1	34	16
4646	34	3	4	7	16	25	26
4650	0	1	34	16
4651	34	3	4	7	16	25	26
4655	0	1	34	16
4656	34	3	4	7	16	25	26
4660	0	1	34	16
4663	0	1	34	16
4665	0	1	34	16
4668	0	1	34	16
4671	0	1	34	16
4675	0	1	34	16
4676	34	3	4	7	16	25	26
4679	0	1	34	16
4682	0	1	34	16
4685	0	1	34	16
4689	0	1	34	16
4690	34	3	4	7	16	25	26
4694	0	1	34	16
4697	0	1	34	16
4698	34	3	4	7	16	25	26
4702	0	1	34	16
4705	0	1	34	16
4708	0	1	34	16
4710	0	1	34	16
4711	34	3	4	7	16	25	26
4715	0	1	34	16
4716	34	3	4	7	16	25	26
4718	0	1	34	16
4722	0	1	34	16
4726	0	1	34	16
4729	0	1	34	16
4730	34	3	4	7	16	25	26
4734	0	1	34	16
4735	34	3	4	7	16	25	26
4739	0	1	34	16
4742	0	1	34	16
4745	0	1	34	16
4748	0	1	34	16
4749	34	3	4	7	16	25	26
4753	0	1	34	16
4754	34	3	4	7	16	25	26
4757	0	1	34	16
4760	0	1	34	16
4761	34	3	4	7	16	25	26
4764	0	1	34	16
4765	34	3	4	7	16	25	26
4768	0	1	34	16
4769	34	3	4	7	16	25	26
4771	0	1	34	16
4772	34	3	4	7	16	25	26
4775	0	1	34	16
4776	34	3	4	7	16	25	26
4779	0	1	34	16
4782	0	1	34	16
4784	0	1	34	16
4787	0	1	34	16
4788	34	3	4	7	16	25	26
4790	0	1	34	16
4791	34	3	4	7	16	25	26
4794	0	1	34	16
4795	34	3	4	7	16	25	26
4798	0	1	34	16
4799	34	3	4	7	16	25	26
4803	0	1	34	16
4804	34	3	4	7	16	25	26
4807	0	1	34	16
4810	0	1	34	16
4813	0	1	34	16
4815	0	1	34	16
4816	34	3	4	7	16	25	26
4820	0	1	34	16
4824	0	1	34	16
4825	34	3	4	7	16	25	26
4828	0	1	34	16
4829	34	3	4	7	16	25	26
4833	0	1	34	16
4834	34	3	4	7	16	25	26
4838	0	1	34	16
4839	34	3	4	7	16	25	26
4842	0	1	34	16
4843	34	3	4	7	16	25	26
4847	0	1	34	16
4848	34	3	4	7	16	25	26
4852	0	1	34	16
4853	34	3	4	7	16	25	26
4857	0	1	34	16
4858	34	3	4	7	16	25	26
4861	0	1	34	16
4864	0	1	34	16
4867	0	1	34	16
4870	0	1	34	16
4871	34	3	4	7	16	25	26
4875	0	1	34	16
4876	34	3	4	7	16	25	26
4879	0	1	34	16
4882	0	1	34	16
4884	0	1	34	16
4887	0	1	34	16
4888	34	3	4	7	16	25	26
4892	0	1	34	16
4893	34	3	4	7	16	25	26
4897	0	1	34	16
4898	34	3	4	7	16	25	26
4901	0	1	34	16
4904	0	1	34	16
4907	0	1	34	16
4911	0	1	34	16
4912	34	3	4	7	16	25	26
4915	0	1	34	16
4918	0	1	34	16
4921	0	1	34	16
4923	0	1	34	16
4924	34	3	4	7	16	25	26
4928	0	1	34	16
4929	34	3	4	7	16	25	26
4933	0	1	34	16
4934	34	3	4	7	16	25	26
4937	0	1	34	16
4940	0	1	34	16
4943	0	1	34	16
4946	0	1	34	16
4947	34	3	4	7	16	25	26
4951	0	1	34	16
4952	34	3	4	7	16	25	26
4955	0	1	34	16
4958	0	1	34	16
4961	0	1	34	16
4963	0	1	34	16
4964	34	3	4	7	16	25	26
4967	0	1	34	16
4970	0	1	34	16
4973	0	1	34	16
4975	0	1	34	16
4976	34	3	4	7	16	25	26
4980	0	1	34	16
4981	34	3	4	7	16	25	26
4985	0	1	34	16
4986	34	3	4	7	16	25	26
4990	0	1	34	16
4991	34	3	4	7	16	25	26
4993	0	1	34	16
4996	0	1	34	16
4999	0	1	34	16
5002	0	1	34	16
5003	34	3	4	7	16	25	26
5006	0	1	34	16
5009	0	1	34	16
5012	0	1	34	16
5015	0	1	34	16
5016	34	3	4	7	16	25	26
5020	0	1	34	16
5021	34	3	4	7	16	25	26
5025	0	1	34	16
5026	34	3	4	7	16	25	26
5029	0	1	34	16
5032	0	1	34	16
5035	0	1	34	16
5038	0	1	34	16
5039	34	3	4	7	16	25	26
5042	0	1	34	16
5045	0	1	34	16
5047	0	1	34	16
5050	0	1	34	16
5051	34	3	4	7	16	25	26
5055	0	1	34	16
5056	34	3	4	7	16	25	26
5060	0	1	34	16
5061	34	3	4	7	16	25	26
5064	0	1	34	16
5067	0	1	34	16
5069	0	1	34	16
5072	0	1	34	16
5076	0	1	34	16
5078	0	1	34	16
5079	34	3	4	7	16	25	26
5083	0	1	34	16
5084	34	3	4	7	16	25	26
5087	0	1	34	16
5090	0	1	34	16
5092	0	1	34	16
5095	0	1	34	16
5098	0	1	34	16
5100	0	1	34	16
5103	0	1	34	16
5106	0	1	34	16
5109	0	1	34	16
5112	0	1	34	16
5115	0	1	34	16
5118	0	1	34	16
5121	0	1	34	16
5124	0	1	34	16
5125	34	3	4	7	16	25	26
5128	0	1	34	16
5129	34	3	4	7	16	25	26
5132	0	1	34	16
5133	34	3	4	7	16	25	26
5135	0	1	34	16
5138	0	1	34	16
5140	0	1	34	16
5142	0	1	34	16
5143	34	3	4	7	16	25	30	31
5144	0	1	34	16
5145	16	34	3	4
5146	34	3	4	7	16	25	26
5147	0	1	34	16
5148	0	1	34	16
5149	34	3	4	7	8	16
5151	34	3	4	7	8	10	16
5152	34	3	4	7	16	25	26
5153	34	3	4	7	16	25	26
5155	0	1	34	16
5156	34	3	4	7	16	25	26
5157	0	1	34	16
5158	34	3	4	7	8	10	16
5159	34	3	4	7	16	25	26
5161	0	1	34	16
5162	34	3	4	7	8	10	16
5163	34	3	4	7	16	25	26
5164	0	1	34	16
5165	34	3	4	7	8	10	16
5166	34	3	4	7	16	25	26
5167	0	1	34	16
5168	34	3	4	7	8	10	16
5169	34	3	4	7	16	25	26
5170	34	3	4	7	16	25	26
5172	0	1	34	16
5173	0	1	34	16
5174	34	3	4	7	8	10	16
5175	34	3	4	7	16	25	26
5177	0	1	34	16
5178	34	3	4	7	8	10	16
5179	0	1	34	16
5180	34	3	4	7	8	10	16
5181	0	1	34	16
5182	34	3	4	7	8	10	16
5183	0	1	34	16
5184	0	1	34	16
5185	34	3	4	7	8	10	16
5186	34	3	4	7	16	25	26
5187	0	1	34	16
5188	34	3	4	7	8	10	16
5189	34	3	4	7	16	25	26
5190	0	1	34	16
5191	34	3	4	7	8	10	16
5192	34	3	4	7	16	25	26
5194	0	1	34	16
5195	34	3	4	7	8	10	16
5196	34	3	4	7	16	25	26
5197	0	1	34	16
5198	34	3	4	7	8	10	16
5199	34	3	4	7	16	25	26
5201	0	1	34	16
5202	34	3	4	7	8	10	16
5203	34	3	4	7	16	25	26
5205	0	1	34	16
5206	34	3	4	7	8	10	16
5207	0	1	34	16
5208	0	1	34	16
5209	34	3	4	7	8	10	16
5210	34	3	4	7	16	25	26
5212	0	1	34	16
5213	0	1	34	16
5214	34	3	4	7	8	10	16
5215	0	1	34	16
5216	34	3	4	7	8	10	16
5217	0	1	34	16
5218	34	3	4	7	8	10	16
5219	34	3	4	7	16	25	26
5220	0	1	34	16
5221	34	3	4	7	8	10	16
5222	34	3	4	7	16	25	26
5224	0	1	34	16
5225	34	3	4	7	8	10	16
5226	0	1	34	16
5227	34	3	4	7	8	10	16
5228	0	1	34	16
5229	34	3	4	7	8	10	16
5230	0	1	34	16
5231	34	3	4	7	8	10	16
5232	0	1	34	16
5233	34	3	4	7	8	10	16
5234	0	1	34	16
5235	0	1	34	16
5236	34	3	4	7	8	10	16
5237	0	1	34	16
5238	0	1	34	16
5239	34	3	4	7	8	10	16
5240	0	1	34	16
5241	34	3	4	7	8	10	16
5242	0	1	34	16
5243	34	3	4	7	8	10	16
5244	0	1	34	16
5245	34	3	4	7	8	10	16
5246	34	3	4	7	16	25	26
5247	0	1	34	16
5248	34	3	4	7	8	10	16
5249	34	3	4	7	16	25	26
5250	0	1	34	16
5251	34	3	4	7	8	16	30	31
5253	34	3	4	7	8	10	16
5254	0	1	34	16
5255	34	3	4	7	8	10	16
5256	0	1	34	16
5257	0	1	34	16
5258	34	3	4	7	8	10	16
5259	0	1	34	16
5260	34	3	4	7	8	10	16
5261	0	1	34	16
5262	34	3	4	7	8	10	16
5263	0	1	34	16
5264	34	3	4	7	8	16
5266	34	3	4	7	8	10	16
5267	0	1	34	16
5268	34	3	4	7	8	10	16
5269	0	1	34	16
5270	0	1	34	16
5271	34	3	4	7	8	10	16
5272	0	1	34	16
5273	34	3	4	7	8	10	16
5274	0	1	34	16
5275	34	3	4	7	8	10	16
5276	0	1	34	16
5277	34	3	4	7	8	16
5279	34	3	4	7	8	10	16
5280	0	1	34	16
5281	34	3	4	7	8	10	16
5282	0	1	34	16
5283	0	1	34	16
5284	34	3	4	7	8	10	16
5285	0	1	34	16
5286	34	3	4	7	8	10	16
5287	0	1	34	16
5288	34	3	4	7	8	10	16
5289	0	1	34	16
5290	34	3	4	7	8	10	16
5291	34	3	4	7	16	25	26
5292	0	1	34	16
5293	34	3	4	7	8	10	16
5294	34	3	4	7	16	25	26
5295	0	1	34	16
5296	34	3	4	7	8	10	16
5297	0	1	34	16
5298	0	1	34	16
5299	34	3	4	7	8	10	16
5300	34	3	4	7	16	25	26
5301	0	1	34	16
5302	34	3	4	7	8	16
5304	34	3	4	7	8	10	16
5305	0	1	34	16
5306	34	3	4	7	8	10	16
5307	0	1	34	16
5308	0	1	34	16
5309	34	3	4	7	8	10	16
5310	0	1	34	16
5311	34	3	4	7	8	10	16
5312	0	1	34	16
5313	34	3	4	7	8	10	16
5314	0	1	34	16
5315	34	3	4	7	8	16
5317	34	3	4	7	8	10	16
5318	0	1	34	16
5319	34	3	4	7	8	10	16
5320	0	1	34	16
5321	0	1	34	16
5322	34	3	4	7	8	10	16
5323	0	1	34	16
5324	34	3	4	7	8	10	16
5325	0	1	34	16
5326	34	3	4	7	8	10	16
5327	0	1	34	16
5328	34	3	4	7	8	10	16
5329	0	1	34	16
5330	34	3	4	7	8	10	16
5331	0	1	34	16
5332	34	3	4	7	8	10	16
5333	0	1	34	16
5334	34	3	4	7	8	10	16
5335	34	3	4	7	16	25	26
5337	0	1	34	16
5338	34	3	4	7	8	10	16
5339	34	3	4	7	16	25	26
5340	0	1	34	16
5341	34	3	4	7	8	10	16
5342	34	3	4	7	16	25	26
5343	0	1	34	16
5344	34	3	4	7	8	10	16
5345	34	3	4	7	16	25	26
5347	0	1	34	16
5348	34	3	4	7	8	10	16
5349	0	1	34	16
5350	34	3	4	7	8	10	16
5351	34	3	4	7	16	25	26
5352	0	1	34	16
5353	34	3	4	7	8	10	16
5354	0	1	34	16
5355	34	3	4	7	8	10	16
5356	0	1	34	16
5357	34	3	4	7	8	10	16
5358	34	3	4	7	16	25	26
5359	0	1	34	16
5360	34	3	4	7	8	10	16
5361	0	1	34	16
5362	0	1	34	16
5363	34	3	4	7	8	10	16
5364	34	3	4	7	16	25	26
5365	0	1	34	16
5366	34	3	4	7	8	10	16
5367	0	1	34	16
5368	34	3	4	7	8	10	16
5369	0	1	34	16
5370	34	3	4	7	8	10	16
5371	0	1	34	16
5372	34	3	4	7	8	10	16
5373	0	1	34	16
5374	34	3	4	7	8	10	16
5375	0	1	34	16
5376	0	1	34	16
5377	34	3	4	7	8	10	16
5378	0	1	34	16
5379	0	1	34	16
5380	34	3	4	7	8	10	16
5381	0	1	34	16
5382	34	3	4	7	8	10	16
5383	0	1	34	16
5384	34	3	4	7	8	10	16
5385	0	1	34	16
5386	34	3	4	7	8	10	16
5387	0	1	34	16
5388	0	1	34	16
5389	34	3	4	7	8	10	16
5390	0	1	34	16
5391	34	3	4	7	8	10	16
5392	0	1	34	16
5393	34	3	4	7	8	10	16
5394	0	1	34	16
5395	34	3	4	7	8	10	16
5396	0	1	34	16
5397	34	3	4	7	8	10	16
5398	0	1	34	16
5399	34	3	4	7	8	10	16
5400	0	1	34	16
5401	34	3	4	7	8	10	16
5402	0	1	34	16
5403	0	1	34	16
5404	34	3	4	7	8	10	16
5405	0	1	34	16
5406	34	3	4	7	8	10	16
5407	0	1	34	16
5408	34	3	4	7	8	10	16
5409	0	1	34	16
5410	34	3	4	7	8	10	16
5411	0	1	34	16
5412	34	3	4	7	8	10	16
5413	0	1	34	16
5414	34	3	4	7	8	10	16
5415	0	1	34	16
5416	34	3	4	7	8	10	16
5417	0	1	34	16
5418	34	3	4	7	8	10	16
5419	0	1	34	16
5420	34	3	4	7	8	10	16
5421	0	1	34	16
5422	0	1	34	16
5423	34	3	4	7	8	10	16
5424	0	1	34	16
5425	0	1	34	16
5426	34	3	4	7	8	10	16
5427	0	1	34	16
5428	0	1	34	16
5429	34	3	4	7	8	10	16
5430	0	1	34	16
5431	34	3	4	7	8	10	16
5432	0	1	34	16
5433	34	3	4	7	8	10	16
5434	0	1	34	16
5435	34	3	4	7	8	10	16
5436	0	1	34	16
5437	34	3	4	7	8	10	16
5438	0	1	34	16
5439	34	3	4	7	8	10	16
5440	0	1	34	16
5441	34	3	4	7	8	16
5443	34	3	4	7	8	10	16
5444	34	3	4	7	16	25	26
5446	0	1	34	16
5447	34	3	4	7	8	10	16
5448	0	1	34	16
5449	34	3	4	7	8	10	16
5450	0	1	34	16
5451	34	3	4	7	8	10	16
5452	0	1	34	16
5453	34	3	4	7	8	10	16
5454	0	1	34	16
5455	34	3	4	7	8	10	16
5456	0	1	34	16
5457	34	3	4	7	8	10	16
5458	0	1	34	16
5459	0	1	34	16
5460	34	3	4	7	8	10	16
5461	34	3	4	7	16	25	26
5463	0	1	34	16
5464	34	3	4	7	8	10	16
5465	34	3	4	7	16	25	26
5466	0	1	34	16
5467	34	3	4	7	8	10	16
5468	34	3	4	7	16	25	26
5470	0	1	34	16
5471	0	1	34	16
5472	34	3	4	7	8	10	16
5473	0	1	34	16
5474	34	3	4	7	8	10	16
5475	0	1	34	16
5476	0	1	34	16
5477	34	3	4	7	8	10	16
5478	0	1	34	16
5479	0	1	34	16
5480	34	3	4	7	8	10	16
5481	0	1	34	16
5482	34	3	4	7	8	10	16
5483	0	1	34	16
5484	34	3	4	7	8	10	16
5485	0	1	34	16
5486	34	3	4	7	8	10	16
5487	0	1	34	16
5488	34	3	4	7	8	10	16
5489	0	1	34	16
5490	34	3	4	7	8	10	16
5491	0	1	34	16
5492	34	3	4	7	8	10	16
5493	0	1	34	16
5494	34	3	4	7	8	10	16
5495	0	1	34	16
5496	0	1	34	16
5497	34	3	4	7	8	10	16
5498	0	1	34	16
5499	34	3	4	7	8	10	16
5500	0	1	34	16
5501	0	1	34	16
5502	34	3	4	7	8	10	16
5503	0	1	34	16
5504	0	1	34	16
5505	34	3	4	7	8	10	16
5506	0	1	34	16
5507	34	3	4	7	8	10	16
5508	0	1	34	16
5509	34	3	4	7	8	10	16
5510	0	1	34	16
5511	34	3	4	7	8	10	16
5512	0	1	34	16
5513	34	3	4	7	8	10	16
5514	0	1	34	16
5515	0	1	34	16
5516	34	3	4	7	8	10	16
5517	0	1	34	16
5518	34	3	4	7	8	10	16
5519	0	1	34	16
5520	34	3	4	7	8	10	16
5521	0	1	34	16
5522	34	3	4	7	8	10	16
5523	0	1	34	16
5524	34	3	4	7	8	10	16
5525	0	1	34	16
5526	34	3	4	7	8	10	16
5527	0	1	34	16
5528	34	3	4	7	8	10	16
5529	0	1	34	16
5530	34	3	4	7	8	10	16
5531	0	1	34	16
5532	0	1	34	16
5533	34	3	4	7	8	10	16
5534	0	1	34	16
5535	34	3	4	7	8	10	16
5536	0	1	34	16
5537	34	3	4	7	8	10	16
5538	0	1	34	16
5539	0	1	34	16
5540	34	3	4	7	8	10	16
5541	0	1	34	16
5542	34	3	4	7	8	10	16
5543	0	1	34	16
5544	0	1	34	16
5545	34	3	4	7	8	10	16
5546	0	1	34	16
5547	34	3	4	7	8	10	16
5548	0	1	34	16
5549	34	3	4	7	8	10	16
5550	0	1	34	16
5551	34	3	4	7	8	10	16
5552	0	1	34	16
5553	0	1	34	16
5554	34	3	4	7	8	10	16
5555	0	1	34	16
5556	34	3	4	7	8	10	16
5557	0	1	34	16
5558	34	3	4	7	8	10	16
5559	0	1	34	16
5560	34	3	4	7	8	10	16
5561	0	1	34	16
5562	34	3	4	7	8	10	16
5563	0	1	34	16
5564	34	3	4	7	8	10	16
5565	0	1	34	16
5566	34	3	4	7	8	10	16
5567	0	1	34	16
5568	34	3	4	7	8	10	16
5569	0	1	34	16
5570	34	3	4	7	8	10	16
5571	0	1	34	16
5572	34	3	4	7	8	10	16
5573	0	1	34	16
5574	34	3	4	7	8	10	16
5575	0	1	34	16
5576	34	3	4	7	8	10	16
5577	0	1	34	16
5578	34	3	4	7	8	10	16
5579	34	3	4	7	16	25	26
5581	0	1	34	16
5582	34	3	4	7	8	10	16
5583	34	3	4	7	16	25	26
5584	0	1	34	16
5585	0	1	34	16
5586	34	3	4	7	8	10	16
5587	0	1	34	16
5588	34	3	4	7	8	10	16
5589	34	3	4	7	16	25	26
5590	0	1	34	16
5591	34	3	4	7	8	10	16
5592	0	1	34	16
5593	34	3	4	7	8	10	16
5594	0	1	34	16
5595	34	3	4	7	8	10	16
5596	0	1	34	16
5597	34	3	4	7	8	10	16
5598	0	1	34	16
5599	34	3	4	7	8	10	16
5600	0	1	34	16
5601	34	3	4	7	8	10	16
5602	0	1	34	16
5603	34	3	4	7	8	10	16
5604	0	1	34	16
5605	34	3	4	7	8	10	16
5606	0	1	34	16
5607	0	1	34	16
5608	34	3	4	7	8	10	16
5609	0	1	34	16
5610	0	1	34	16
5611	34	3	4	7	8	10	16
5612	0	1	34	16
5613	34	3	4	7	8	10	16
5614	0	1	34	16
5615	34	3	4	7	8	10	16
5616	0	1	34	16
5617	34	3	4	7	8	10	16
5618	0	1	34	16
5619	34	3	4	7	8	10	16
5620	0	1	34	16
5621	34	3	4	7	8	10	16
5622	0	1	34	16
5623	34	3	4	7	8	10	16
5624	0	1	34	16
5625	34	3	4	7	8	10	16
5626	0	1	34	16
5627	0	1	34	16
5628	34	3	4	7	8	10	16
5629	0	1	34	16
5630	34	3	4	7	8	10	16
5631	0	1	34	16
5632	0	1	34	16
5633	34	3	4	7	8	10	16
5634	0	1	34	16
5635	0	1	34	16
5636	34	3	4	7	8	10	16
5637	0	1	34	16
5638	34	3	4	7	8	10	16
5639	0	1	34	16
5640	34	3	4	7	8	10	16
5641	0	1	34	16
5642	34	3	4	7	8	10	16
5643	0	1	34	16
5644	34	3	4	7	8	10	16
5645	0	1	34	16
5646	0	1	34	16
5647	34	3	4	7	8	10	16
5648	0	1	34	16
5649	34	3	4	7	8	10	16
5650	0	1	34	16
5651	34	3	4	7	8	10	16
5652	0	1	34	16
5653	34	3	4	7	8	10	16
5654	0	1	34	16
5655	34	3	4	7	8	10	16
5656	0	1	34	16
5657	34	3	4	7	8	10	16
5658	0	1	34	16
5659	34	3	4	7	8	10	16
5660	0	1	34	16
5661	34	3	4	7	8	10	16
5662	0	1	34	16
5663	0	1	34	16
5664	34	3	4	7	8	10	16
5665	0	1	34	16
5666	34	3	4	7	8	10	16
5667	0	1	34	16
5668	34	3	4	7	8	10	16
5669	0	1	34	16
5670	0	1	34	16
5671	34	3	4	7	8	10	16
5672	0	1	34	16
5673	34	3	4	7	8	10	16
5674	0	1	34	16
5675	0	1	34	16
5676	34	3	4	7	8	10	16
5677	0	1	34	16
5678	34	3	4	7	8	10	16
5679	0	1	34	16
5680	34	3	4	7	8	10	16
5681	0	1	34	16
5682	34	3	4	7	8	10	16
5683	0	1	34	16
5684	0	1	34	16
5685	34	3	4	7	8	10	16
5686	0	1	34	16
5687	34	3	4	7	8	10	16
5688	0	1	34	16
5689	34	3	4	7	8	10	16
5690	0	1	34	16
5691	34	3	4	7	8	10	16
5692	0	1	34	16
5693	34	3	4	7	8	10	16
5694	0	1	34	16
5695	34	3	4	7	8	10	16
5696	0	1	34	16
5697	34	3	4	7	8	10	16
5698	0	1	34	16
5699	34	3	4	7	8	10	16
5700	0	1	34	16
5701	34	3	4	7	8	10	16
5702	0	1	34	16
5703	34	3	4	7	8	10	16
5704	0	1	34	16
5705	34	3	4	7	8	10	16
5706	0	1	34	16
5707	34	3	4	7	8	10	16
5708	0	1	34	16
5709	34	3	4	7	8	10	16
5710	0	1	34	16
5711	34	3	4	7	8	10	16
5712	0	1	34	16
5713	0	1	34	16
5714	34	3	4	7	8	10	16
5715	0	1	34	16
5716	34	3	4	7	8	10	16
5717	0	1	34	16
5718	34	3	4	7	8	16	30	31
5720	34	3	4	7	8	10	16
5721	0	1	34	16
5722	34	3	4	7	8	10	16
5723	0	1	34	16
5724	0	1	34	16
5725	34	3	4	7	8	10	16
5726	0	1	34	16
5727	34	3	4	7	8	10	16
5728	0	1	34	16
5729	34	3	4	7	8	16	30	31
5731	34	3	4	7	8	10	16
5732	34	3	4	7	16	25	26
5733	0	1	34	16
5734	34	3	4	7	8	10	16
5735	0	1	34	16
5736	0	1	34	16
5737	34	3	4	7	8	16
5739	34	3	4	7	8	10	16
5740	0	1	34	16
5741	34	3	4	7	8	10	16
5742	0	1	34	16
5743	0	1	34	16
5744	34	3	4	7	8	10	16
5745	0	1	34	16
5746	34	3	4	7	8	10	16
5747	0	1	34	16
5748	34	3	4	7	8	16
5750	34	3	4	7	8	10	16
5751	0	1	34	16
5752	34	3	4	7	8	10	16
5753	0	1	34	16
5754	34	3	4	7	8	10	16
5755	0	1	34	16
5756	34	3	4	7	8	10	16
5757	0	1	34	16
5758	34	3	4	7	8	10	16
5759	0	1	34	16
5760	34	3	4	7	8	16
5762	34	3	4	7	8	10	16
5763	0	1	34	16
5764	34	3	4	7	8	10	16
5765	0	1	34	16
5766	0	1	34	16
5767	34	3	4	7	8	10	16
5768	0	1	34	16
5769	34	3	4	7	8	10	16
5770	0	1	34	16
5771	34	3	4	7	8	10	16
5772	0	1	34	16
5773	34	3	4	13	14	16
5775	0	1	34	16
5778	0	1	34	16
5779	16	34	3	4
5780	16	34	3	4
5781	16	34	3	4
5782	16	34	3	4
5783	16	34	3	4
5784	34	3	4	7	16	25	26
5787	0	1	34	16
5788	34	3	4	7	16	25	26
5789	0	1	34	16
5790	34	3	4	7	16	25	26
5791	0	1	34	16
5792	34	3	4	7	16	25	26
5793	0	1	34	16
5794	16	34	3	4
5795	16	34	3	4
5796	16	34	3	4
5797	16	34	3	4
5798	34	3	4	7	16	25	26
5803	0	1	34	16
5804	16	34	3	4
5805	16	34	3	4
5806	16	34	3	4
5809	0	1	34	16
5810	0	1	34	16
5811	16	34	3	4
5813	0	1	34	16
5815	0	1	34	16
5816	0	1	34	16
5817	34	3	4	7	16	25	26
5819	0	1	34	16
5820	0	1	34	16
5821	0	1	34	16
5822	0	1	34	16
5824	0	1	34	16
5825	0	1	34	16
5826	0	1	34	16
5828	0	1	34	16
5829	34	3	4	7	16	25	26
5830	0	1	34	16
5831	0	1	34	16
5832	0	1	34	16
5833	0	1	34	16
5834	0	1	34	16
5835	16	34	3	4
5837	0	1	34	16
5838	0	1	34	16
5840	0	1	34	16
5841	0	1	34	16
5842	16	34	3	4
5843	34	3	4	7	16	25	26
5844	0	1	34	16
5847	0	1	34	16
5848	34	3	4	7	16	25	26
5849	34	3	4	7	16	25	26
5850	34	3	4	7	16	25	26
5853	0	1	34	16
5854	34	3	4	7	16	25	26
5855	34	3	4	7	16	25	26
5857	0	1	34	16
5858	34	3	4	7	16	25	26
5859	34	3	4	7	16	25	26
5861	0	1	34	16
5862	34	3	4	7	16	25	26
5863	34	3	4	7	16	25	26
5865	0	1	34	16
5866	34	3	4	7	16	25	26
5867	34	3	4	7	16	25	26
5868	34	3	4	7	16	25	26
5870	0	1	34	16
5871	0	1	34	16
5872	34	3	4	7	16	25	26
5873	34	3	4	7	16	25	26
5874	34	3	4	7	16	25	26
5877	0	1	34	16
5878	34	3	4	7	16	25	26
5879	34	3	4	7	16	25	26
5881	0	1	34	16
5882	34	3	4	7	16	25	26
5884	0	1	34	16
5885	34	3	4	7	16	25	26
5887	0	1	34	16
5888	34	3	4	7	16	25	26
5889	34	3	4	7	16	25	26
5890	0	1	34	16
5891	34	3	4	7	16	25	26
5892	0	1	34	16
5893	0	1	34	16
5894	0	1	34	16
5895	34	3	4	7	16	25	26
5896	34	3	4	7	16	25	26
5897	0	1	34	16
5898	34	3	4	7	16	25	26
5899	34	3	4	7	16	25	26
5900	0	1	34	16
5901	34	3	4	7	16	25	26
5902	34	3	4	7	16	25	26
5903	0	1	34	16
5904	16	34	3	4
5905	0	1	34	16
5906	34	3	4	13	14	16
5907	34	3	4	7	16	25	26
5908	0	1	34	16
5909	34	3	4	13	14	16
5910	34	3	4	7	16	25	26
5911	0	1	34	16
5912	34	3	4	13	14	16
5913	34	3	4	7	16	25	26
5914	0	1	34	16
5915	34	3	4	13	14	16
5916	34	3	4	7	16	25	26
5917	0	1	34	16
5918	16	34	3	4
5919	34	3	4	7	16	25	26
5920	0	1	34	16
5921	34	3	4	7	16	25	26
5922	0	1	34	16
5923	16	34	3	4
5924	16	34	3	4
5926	0	1	34	16
5927	16	34	3	4
5928	16	34	3	4
5930	0	1	34	16
5931	16	34	3	4
5932	16	34	3	4
5934	0	1	34	16
5935	16	34	3	4
5937	0	1	34	16
5938	16	34	3	4
5939	16	34	3	4
5941	0	1	34	16
5942	16	34	3	4
5943	16	34	3	4
5945	0	1	34	16
5946	0	1	34	16
5947	16	34	3	4
5948	16	34	3	4
5950	0	1	34	16
5951	16	34	3	4
5952	16	34	3	4
5954	0	1	34	16
5955	0	1	34	16
5956	0	1	34	16
5957	0	1	34	16
5958	0	1	34	16
5959	0	1	34	16
5960	0	1	34	16
5961	16	34	3	4
5962	34	3	4	7	16	25	26
5965	0	1	34	16
5966	0	1	34	16
5967	0	1	34	16
5968	0	1	34	16
5970	0	1	34	16
5971	0	1	34	16
5972	0	1	34	16
5973	0	1	34	16
5974	0	1	34	16
5975	34	3	4	13	14	16
5976	34	3	4	13	14	16
5977	0	1	34	16
5978	34	3	4	13	14	16
5980	0	1	34	16
5981	0	1	34	16
5983	0	1	34	16
5984	34	3	4	13	14	16
5985	0	1	34	16
5986	0	1	34	16
5987	0	1	34	16
5988	0	1	34	16
5989	0	1	34	16
5990	0	1	34	16
5991	0	1	34	16
5992	0	1	34	16
5993	0	1	34	16
5994	0	1	34	16
5995	0	1	34	16
5996	0	1	34	16
5997	0	1	34	16
5998	0	1	34	16
5999	0	1	34	16
6000	0	1	34	16
6001	0	1	34	16
6002	0	1	34	16
6003	0	1	34	16
6004	0	1	34	16
6005	0	1	34	16
6006	0	1	34	16
6007	0	1	34	16
6008	0	1	34	16
6009	0	1	34	16
6010	0	1	34	16
6011	0	1	34	16
6012	0	1	34	16
6013	0	1	34	16
6014	0	1	34	16
6015	34	3	4	7	16	25	26
6016	34	3	4	7	16	25	26
6020	0	1	34	16
6021	34	3	4	7	16	25	26
6025	0	1	34	16
6026	34	3	4	7	16	25	26
6030	0	1	34	16
6031	34	3	4	7	8	10	16
6032	34	3	4	7	16	25	26
6033	34	3	4	7	16	25	26
6035	0	1	34	16
6036	34	3	4	7	8	10	16
6037	34	3	4	7	16	25	26
6039	0	1	34	16
6040	34	3	4	7	8	10	16
6041	34	3	4	7	16	25	26
6043	0	1	34	16
6044	34	3	4	7	8	10	16
6045	34	3	4	7	16	25	26
6047	0	1	34	16
6048	34	3	4	7	8	10	16
6049	34	3	4	7	16	25	26
6051	0	1	34	16
6052	34	3	4	7	8	10	16
6053	0	1	34	16
6054	34	3	4	7	8	10	16
6055	0	1	34	16
6056	34	3	4	7	8	10	16
6057	0	1	34	16
6058	34	3	4	7	8	10	16
6059	0	1	34	16
6060	34	3	4	7	8	10	16
6061	0	1	34	16
6062	34	3	4	7	8	10	16
6063	34	3	4	7	16	25	26
6064	0	1	34	16
6065	34	3	4	7	8	10	16
6066	0	1	34	16
6067	34	3	4	7	8	10	16
6068	0	1	34	16
6069	34	3	4	7	8	10	16
6070	0	1	34	16
6071	34	3	4	7	8	10	16
6072	0	1	34	16
6073	34	3	4	7	8	10	16
6074	34	3	4	7	16	25	26
6076	0	1	34	16
6077	34	3	4	7	8	10	16
6078	0	1	34	16
6079	34	3	4	7	8	10	16
6080	0	1	34	16
6081	34	3	4	7	8	10	16
6082	34	3	4	7	16	25	26
6084	0	1	34	16
6085	34	3	4	7	8	10	16
6086	34	3	4	7	16	25	26
6087	0	1	34	16
6088	34	3	4	7	8	10	16
6089	34	3	4	7	16	25	26
6091	0	1	34	16
6092	34	3	4	7	8	10	16
6093	0	1	34	16
6094	34	3	4	7	8	10	16
6095	34	3	4	7	16	25	26
6097	0	1	34	16
6098	34	3	4	7	8	10	16
6099	34	3	4	7	16	25	26
6101	0	1	34	16
6102	34	3	4	7	8	10	16
6103	0	1	34	16
6104	34	3	4	7	8	10	16
6105	0	1	34	16
6106	34	3	4	7	8	10	16
6107	34	3	4	7	16	25	26
6109	0	1	34	16
6110	34	3	4	7	8	10	16
6111	0	1	34	16
6112	34	3	4	7	8	10	16
6113	0	1	34	16
6114	34	3	4	7	8	10	16
6115	0	1	34	16
6116	34	3	4	7	8	10	16
6117	0	1	34	16
6118	34	3	4	7	8	10	16
6119	0	1	34	16
6120	34	3	4	7	8	10	16
6121	0	1	34	16
6122	34	3	4	7	8	10	16
6123	34	3	4	7	16	25	26
6125	0	1	34	16
6126	34	3	4	7	8	10	16
6127	0	1	34	16
6128	34	3	4	7	8	10	16
6129	0	1	34	16
6130	34	3	4	7	8	10	16
6131	0	1	34	16
6132	34	3	4	7	8	10	16
6133	0	1	34	16
6134	34	3	4	7	8	10	16
6135	0	1	34	16
6136	34	3	4	7	8	10	16
6137	0	1	34	16
6138	34	3	4	7	8	10	16
6139	0	1	34	16
6140	34	3	4	7	16	25	26
6142	0	1	34	16
6143	0	1	34	16
6144	34	3	4	7	16	25	26
6145	0	1	34	16
6146	16	34	3	4
6147	34	3	4	7	16	30	31
6148	34	3	4	7	16	20
6149	34	3	4	7	16	30
6150	34	3	4	7	16	25	26
6155	0	1	34	16
6156	16	34	3	4
6157	16	34	3	4
6158	34	3	4	7	16	25	26
6160	0	1	34	16
6161	16	34	3	4
6162	34	3	4	7	16	25	26
6164	0	1	34	16
6165	0	1	34	16
6166	0	1	34	16
6168	0	1	34	16
6170	0	1	34	16
6171	0	1	34	16
6172	0	1	34	16
6174	0	1	34	16
6175	0	1	34	16
6177	0	1	34	16
6178	0	1	34	16
6180	0	1	34	16
6181	0	1	34	16
6183	0	1	34	16
6184	0	1	34	16
6187	0	1	34	16
6188	0	1	34	16
6189	0	1	34	16
6191	0	1	34	16
6192	34	3	4	7	16	25	26
6193	0	1	34	16
6195	0	1	34	16
6197	0	1	34	16
6198	0	1	34	16
6199	0	1	34	16
6200	0	1	34	16
6201	0	1	34	16
6203	0	1	34	16
6204	0	1	34	16
6205	0	1	34	16
6207	0	1	34	16
6208	0	1	34	16
6209	0	1	34	16
6211	0	1	34	16
6212	0	1	34	16
6213	0	1	34	16
6214	0	1	34	16
6215	0	1	34	16
6217	0	1	34	16
6218	16	34	3	4
6219	34	3	4	7	16	25	26
6220	0	1	34	16
6221	16	34	3	4
6222	34	3	4	7	16	25	26
6223	0	1	34	16
6224	16	34	3	4
6225	34	3	4	7	16	25	26
6226	0	1	34	16
6227	34	3	4	7	16	25	26
6228	0	1	34	16
6229	0	1	34	16
6230	34	3	4	7	16	25	26
6231	0	1	34	16
6232	0	1	34	16
6233	0	1	34	16
2053	25	34	7
2157	25	34	7
2078	25	34	7
2102	25	34	7
2117	34	7	8	30
6234	34	7	8	9	30
6236	34	7	9	30
6240	34	7	9	30
2333	34	7	8	9	30
5719	8	34	7
2163	34	7	8	30
6255	34	7	9	30
6238	34	7	9	30
6249	34	7	9	30
2272	34	7	8	30
2308	34	7	8	16	30	31
2228	34	7	8	30
36	24	34	29
49	24	34	29
34	24	34	29
53	24	34	29
47	24	34	29
42	24	34	29
40	24	34	29
39	34	20	7
118	34	20	7
121	34	20	7
122	34	20	7
137	33	34	7
139	33	34	7
141	33	34	7
143	34	7	11	19	28	30
144	33	34	7
146	33	34	7
148	34	19	7	28	30
151	33	34	7
154	33	34	7
155	33	34	7
157	34	19	7	28	30
159	33	34	7
162	33	34	7
171	32	34	19	7	30
172	33	34	7
257	2	34	5
258	34	5	6
259	34	3
260	34	3
262	2	34	5
263	34	3
264	34	3
265	34	3
267	2	34	5
268	34	3
269	34	3
273	34	3
275	34	5	6
276	34	3	7
277	34	3
279	34	3
280	34	3
281	34	3
282	34	3
283	34	3
286	34	3
287	34	3
288	34	3
290	34	3
291	34	3
292	34	3
294	34	3
295	34	3
296	34	3
298	34	3
299	34	3
300	34	3
301	34	3
303	34	3
305	34	3
307	34	3
308	34	3
309	34	3
310	34	3
311	34	3
312	34	3
316	2	34	5
319	34	3
321	34	3
322	34	3
324	34	3
325	34	3
326	34	3
328	34	3
329	34	3
332	34	3
333	34	3
334	34	3
335	34	3
337	34	3
340	34	5	6
341	34	3
343	34	3
347	34	3
348	34	3
350	34	3
352	34	3
353	34	3
355	34	3
356	34	3
358	34	3
359	34	3
361	34	3
362	34	3
364	34	3
365	34	3
366	34	3
368	34	3
369	34	3
370	34	3
371	34	3
373	34	3
374	34	3
375	34	3
376	34	3
379	34	3
380	34	3
381	34	3
382	34	3
385	34	3
386	34	3
388	34	3
391	34	3
394	34	3
397	34	3
399	34	3
401	34	3
402	34	3
403	34	3
405	34	3
406	34	3
407	34	3
408	34	3
410	34	3
411	34	3
416	34	3
419	34	3
425	34	3
426	34	3
427	34	3
428	34	3
438	34	3
439	34	3
442	34	3
446	34	3
449	34	3
453	34	3
454	34	3
455	34	3
457	34	3
458	34	3
459	34	3
460	34	3
462	34	3
465	34	3
466	34	3
467	34	3
472	34	3
473	34	3
474	34	3
476	34	3
478	34	3
485	34	3
488	34	3
490	34	3
491	34	3
494	34	5	6
496	34	3
497	34	3
499	34	3
501	34	3
502	34	3
503	34	3
504	34	3
507	34	3
508	34	3
509	34	3
510	34	3
511	34	3
513	34	3
515	34	3
516	34	3
517	34	3
519	34	5	6
521	34	3
522	34	3
523	34	3
525	34	3
526	34	3
527	34	3
529	34	3
531	34	3
532	34	3
533	34	3
537	34	5	6
538	34	3
540	34	3
542	34	3
544	34	3
545	34	3
546	34	3
548	34	3
549	34	3
554	34	3
556	34	3
559	34	3
563	34	3
564	34	3
565	34	3
566	34	3
568	34	3
570	34	3
571	34	3
572	34	3
573	34	3
575	34	3
577	34	3
578	34	3
579	34	3
581	34	3
583	34	3
584	34	3
586	34	3
588	34	3
589	34	3
593	34	3
596	34	3
597	34	3
601	34	3
606	34	3
607	34	3
609	34	3
613	34	5	6
616	34	3
618	34	3
620	34	3
621	34	3
622	34	3
624	34	3
625	34	3
627	34	3
629	34	3
634	34	3
635	34	3
636	34	3
637	34	3
638	34	3
642	34	3
646	34	3
648	34	3
650	34	3
651	34	3
652	34	3
653	34	3
657	34	3
658	34	3
662	34	3
664	34	3
665	34	3
667	34	3
668	34	3
669	34	3
670	34	3
672	34	3
673	34	3
674	34	3
679	34	3
681	34	3
682	34	3
684	34	5	6
685	34	3
686	34	3
687	34	3
688	34	3
689	34	3
690	34	3
691	34	3
693	34	5	6
694	34	3
695	34	3
697	34	3
699	34	3
702	34	3
704	34	3
707	34	3
710	34	3
711	34	3
712	34	3
713	34	3
715	34	3
716	34	3
717	34	3
718	34	3
719	34	3
722	34	3
723	34	3
725	34	3
728	34	3
729	34	3
730	34	3
732	34	3
734	34	3
735	34	3
738	34	3
739	34	3
744	34	3
745	34	3
746	34	3
749	34	3
750	34	3
752	34	3
754	34	3
755	34	3
757	34	3
759	34	3
761	34	3
762	34	3
763	34	3
765	34	3
766	34	3
768	34	3
769	34	3
771	34	3
774	34	3
775	34	3
776	34	3
778	34	3
780	34	3
781	34	3
782	34	3
784	34	3
786	34	3
788	34	3
790	34	3
791	34	3
794	34	3
798	34	3
802	34	3
810	34	3
814	34	3
820	34	3
821	34	3
828	34	3
830	34	3
831	34	3
833	34	3
842	34	3
848	34	3
851	34	5	6
852	34	3
856	34	3
857	34	3
860	34	3
861	34	3
862	34	3
865	34	3
866	34	3
869	34	3
871	34	3
873	34	3
874	34	3
876	34	3
884	34	3
885	34	3
887	34	3
888	34	3
894	34	3
899	34	3
900	34	3
901	34	3
904	34	3
906	34	3
907	34	3
908	34	3
909	34	3
910	34	3
914	34	3
915	34	3
916	34	3
917	34	3
919	34	3
920	34	3
922	34	3
923	34	3
925	34	3
927	34	3
929	34	3
932	34	3
933	34	3
934	34	3
936	34	3
937	34	3
948	34	3
950	34	3
953	34	3
956	34	3
958	34	3
960	34	3
963	34	3
976	34	3
977	34	3
979	34	3
982	34	3
988	34	3
990	34	3
999	34	30	7
1001	25	34	7
1004	25	34	7
1005	16	34	3	4
1006	16	34	3	4
1007	34	3	4	13	14	16
1008	16	34	3	4
1010	34	3	4	13	14	16
1011	16	34	3	4
1012	16	34	3	4
1014	16	34	3	4
1015	34	3	4	13	14	16
1016	16	34	3	4
1020	16	34	3	4
1021	34	3	4	13	14	16
1022	16	34	3	4
1024	16	34	3	4
1025	16	34	3	4
1026	34	3	4	13	14	16
1029	34	30	7
1031	25	34	7
1033	16	34	3	4
1034	34	3	4	13	14	16
1035	16	34	3	4
1037	16	34	3	4
1038	34	3	4	13	14	16
1039	16	34	3	4
1042	34	3	4	13	14	16
1043	16	34	3	4
1044	16	34	3	4
1046	34	3	4	13	14	16
1047	16	34	3	4
1048	16	34	3	4
1050	16	34	3	4
1051	34	3	4	13	14	16
1052	16	34	3	4
1055	34	30	7
1057	25	34	7
1059	34	3	4	13	14	16
1060	16	34	3	4
1061	16	34	3	4
1064	16	34	3	4
1065	34	3	4	13	14	16
1066	16	34	3	4
1069	16	34	3	4
1070	16	34	3	4
1072	16	34	3	4
1073	16	34	3	4
1075	34	3	4	13	14	16
1076	16	34	3	4
1077	16	34	3	4
1080	16	34	3	4
1081	34	3	4	13	14	16
1082	16	34	3	4
1085	34	30	7
1087	25	34	7
1089	16	34	3	4
1090	34	3	4	13	14	16
1091	16	34	3	4
1094	34	30	7
1096	25	34	7
1098	16	34	3	4
1099	34	3	4	13	14	16
1100	16	34	3	4
1102	16	34	3	4
1103	34	3	4	13	14	16
1104	16	34	3	4
1106	34	3	4	13	14	16
1107	16	34	3	4
1108	16	34	3	4
1111	16	34	3	4
1112	34	3	4	13	14	16
1113	16	34	3	4
1115	34	3	4	13	14	16
1116	16	34	3	4
1117	16	34	3	4
1120	34	30	7
1122	25	34	7
1124	16	34	3	4
1125	16	34	3	4
1126	34	3	4	13	14	16
1128	16	34	3	4
1129	16	34	3	4
1131	16	34	3	4
1132	34	3	4	13	14	16
1133	16	34	3	4
1136	34	3	4	13	14	16
1137	16	34	3	4
1138	16	34	3	4
1140	16	34	3	4
1143	34	30	7
1145	25	34	7
1147	16	34	3	4
1148	34	3	4	13	14	16
1150	16	34	3	4
1151	16	34	3	4
1153	16	34	3	4
1154	34	3	4	13	14	16
1155	16	34	3	4
1158	16	34	3	4
1159	16	34	3	4
1160	34	3	4	13	14	16
1162	16	34	3	4
1163	34	3	4	13	14	16
1164	16	34	3	4
1167	34	30	7
1169	25	34	7
1171	34	3	4	13	14	16
1172	16	34	3	4
1173	16	34	3	4
1175	16	34	3	4
1176	34	3	4	13	14	16
1177	16	34	3	4
1179	16	34	3	4
1182	16	34	3	4
1183	16	34	3	4
1184	34	3	4	13	14	16
1186	16	34	3	4
1187	16	34	3	4
1189	16	34	3	4
1190	34	3	4	13	14	16
1191	16	34	3	4
1194	34	30	7
1196	25	34	7
1198	16	34	3	4
1199	34	3	4	13	14	16
1200	16	34	3	4
1202	16	34	3	4
1203	16	34	3	4
1204	34	3	4	13	14	16
1206	16	34	3	4
1207	16	34	3	4
1210	34	3	4	13	14	16
1211	16	34	3	4
1212	16	34	3	4
1214	16	34	3	4
1215	34	3	4	13	14	16
1216	16	34	3	4
1219	34	30	7
1221	25	34	7
1223	16	34	3	4
1224	16	34	3	4
1225	34	3	4	13	14	16
1227	34	3	4	13	14	16
1228	16	34	3	4
1229	16	34	3	4
1232	34	3	4	13	14	16
1233	16	34	3	4
1234	16	34	3	4
1236	34	3	4	13	14	16
1237	16	34	3	4
1238	16	34	3	4
1241	34	30	7
1243	25	34	7
1245	16	34	3	4
1246	34	3	4	13	14	16
1247	16	34	3	4
1249	16	34	3	4
1250	16	34	3	4
1253	16	34	3	4
1254	16	34	3	4
1255	34	3	4	13	14	16
1257	16	34	3	4
1258	16	34	3	4
1260	16	34	3	4
1261	16	34	3	4
1264	34	30	7
1266	25	34	7
1267	34	3	4	13	14	16
1268	16	34	3	4
1269	16	34	3	4
1272	34	30	7
1274	25	34	7
1276	16	34	3	4
1277	16	34	3	4
1278	34	3	4	13	14	16
1280	34	3	4	13	14	16
1281	16	34	3	4
1282	16	34	3	4
1285	16	34	3	4
1286	16	34	3	4
1288	16	34	3	4
1289	16	34	3	4
1290	34	3	4	13	14	16
1292	16	34	3	4
1293	16	34	3	4
1294	34	3	4	13	14	16
1297	25	34	7
1300	16	34	3	4
1301	16	34	3	4
1303	16	34	3	4
1304	16	34	3	4
1306	16	34	3	4
1307	16	34	3	4
1308	34	3	4	13	14	16
1311	16	34	3	4
1312	34	3	4	13	14	16
1313	16	34	3	4
1315	16	34	3	4
1316	16	34	3	4
1317	34	3	4	13	14	16
1320	34	30	7
1322	25	34	7
1324	16	34	3	4
1325	16	34	3	4
1327	16	34	3	4
1328	16	34	3	4
1330	16	34	3	4
1333	16	34	3	4
1334	34	3	4	13	14	16
1336	16	34	3	4
1337	16	34	3	4
1340	34	30	7
1342	25	34	7
1343	34	3	4	13	14	16
1344	16	34	3	4
1346	16	34	3	4
1347	16	34	3	4
1349	16	34	3	4
1350	16	34	3	4
1353	16	34	3	4
1354	16	34	3	4
1355	34	3	4	13	14	16
1357	34	3	4	13	14	16
1358	16	34	3	4
1359	16	34	3	4
1362	34	30	7
1364	25	34	7
1366	16	34	3	4
1367	16	34	3	4
1369	34	3	4	13	14	16
1370	16	34	3	4
1371	16	34	3	4
1373	16	34	3	4
1374	16	34	3	4
1377	16	34	3	4
1378	16	34	3	4
1380	34	3	4	13	14	16
1381	16	34	3	4
1384	34	30	7
1386	25	34	7
1387	16	34	3	4
1388	16	34	3	4
1389	16	34	3	4
1391	16	34	3	4
1392	16	34	3	4
1394	16	34	3	4
1395	16	34	3	4
1398	16	34	3	4
1399	16	34	3	4
1400	16	34	3	4
1402	16	34	3	4
1404	16	34	3	4
1405	16	34	3	4
1408	16	34	3	4
1409	16	34	3	4
1410	16	34	3	4
1412	16	34	3	4
1415	16	34	3	4
1416	16	34	3	4
1417	16	34	3	4
1419	16	34	3	4
1420	16	34	3	4
1423	16	34	3	4
1424	16	34	3	4
1425	16	34	3	4
1428	16	34	3	4
1429	16	34	3	4
1430	16	34	3	4
1433	16	34	3	4
1434	16	34	3	4
1435	16	34	3	4
1438	16	34	3	4
1439	16	34	3	4
1442	16	34	3	4
1443	16	34	3	4
1446	34	30	7
1448	25	34	7
1449	16	34	3	4
1450	16	34	3	4
1451	34	3	4	13	14	16
1453	16	34	3	4
1454	16	34	3	4
1455	34	3	4	13	14	16
1458	16	34	3	4
1459	16	34	3	4
1461	16	34	3	4
1462	16	34	3	4
1464	16	34	3	4
1465	16	34	3	4
1466	34	3	4	13	14	16
1469	34	30	7
1471	25	34	7
1473	16	34	3	4
1474	16	34	3	4
1476	16	34	3	4
1477	16	34	3	4
1478	34	3	4	13	14	16
1480	16	34	3	4
1481	16	34	3	4
1484	34	3	4	13	14	16
1485	16	34	3	4
1486	16	34	3	4
1488	16	34	3	4
1489	34	3	4	13	14	16
1490	16	34	3	4
1492	16	34	3	4
1493	16	34	3	4
1496	34	30	7
1498	25	34	7
1500	34	3	4	13	14	16
1501	16	34	3	4
1502	16	34	3	4
1504	16	34	3	4
1505	16	34	3	4
1508	16	34	3	4
1509	34	3	4	13	14	16
1511	16	34	3	4
1512	16	34	3	4
1514	16	34	3	4
1515	16	34	3	4
1518	34	30	7
1520	25	34	7
1522	16	34	3	4
1523	16	34	3	4
1525	34	3	4	13	14	16
1526	16	34	3	4
1527	16	34	3	4
1530	16	34	3	4
1531	16	34	3	4
1532	34	3	4	13	14	16
1534	16	34	3	4
1535	16	34	3	4
1537	16	34	3	4
1540	34	30	7
1542	25	34	7
1544	16	34	3	4
1545	16	34	3	4
1546	34	3	4	13	14	16
1548	16	34	3	4
1549	16	34	3	4
1551	16	34	3	4
1552	16	34	3	4
1555	34	3	4	13	14	16
1556	16	34	3	4
1557	16	34	3	4
1559	16	34	3	4
1562	34	30	7
1564	25	34	7
1565	16	34	3	4
1567	16	34	3	4
1568	16	34	3	4
1570	16	34	3	4
1571	16	34	3	4
1574	16	34	3	4
1575	16	34	3	4
1577	16	34	3	4
1579	16	34	3	4
1580	16	34	3	4
1583	16	34	3	4
1584	16	34	3	4
1586	16	34	3	4
1587	16	34	3	4
1590	16	34	3	4
1592	16	34	3	4
1595	16	34	3	4
1598	16	34	3	4
1601	16	34	3	4
1604	16	34	3	4
1605	16	34	3	4
1608	16	34	3	4
1611	34	30	7
1613	25	34	7
1614	16	34	3	4
1615	16	34	3	4
1617	34	3	4	13	14	16
1618	16	34	3	4
1620	16	34	3	4
1621	16	34	3	4
1624	16	34	3	4
1625	34	3	4	13	14	16
1626	16	34	3	4
1628	16	34	3	4
1629	34	3	4	13	14	16
1630	16	34	3	4
1633	34	30	7
1635	25	34	7
1636	16	34	3	4
1637	34	3	4	13	14	16
1638	16	34	3	4
1641	16	34	3	4
1642	34	3	4	13	14	16
1645	34	3	4	13	14	16
1646	16	34	3	4
1648	16	34	3	4
1649	16	34	3	4
1650	34	3	4	13	14	16
1653	16	34	3	4
1654	16	34	3	4
1656	16	34	3	4
1657	16	34	3	4
1658	34	3	4	13	14	16
1660	16	34	3	4
1661	16	34	3	4
1662	34	3	4	13	14	16
1665	16	34	3	4
1666	34	3	4	13	14	16
1667	16	34	3	4
1669	16	34	3	4
1670	16	34	3	4
1671	34	3	4	13	14	16
1673	16	34	3	4
1676	34	3	4	13	14	16
1677	16	34	3	4
1680	16	34	3	4
1681	16	34	3	4
1682	34	3	4	13	14	16
1684	16	34	3	4
1687	16	34	3	4
1688	34	3	4	13	14	16
1691	34	3	4	13	14	16
1692	16	34	3	4
1693	16	34	3	4
1696	16	34	3	4
1697	34	3	4	13	14	16
1698	16	34	3	4
1701	34	30	7
1703	25	34	7
1704	16	34	3	4
1705	16	34	3	4
1707	16	34	3	4
1708	34	3	4	13	14	16
1709	16	34	3	4
1711	16	34	3	4
1712	16	34	3	4
1715	16	34	3	4
1716	16	34	3	4
1718	16	34	3	4
1719	34	3	4	13	14	16
1720	16	34	3	4
1723	34	30	7
1725	25	34	7
1727	16	34	3	4
1728	16	34	3	4
1729	34	3	4	13	14	16
1731	16	34	3	4
1732	16	34	3	4
1735	16	34	3	4
1736	16	34	3	4
1738	16	34	3	4
1739	16	34	3	4
1741	16	34	3	4
1742	16	34	3	4
1745	34	30	7
1747	25	34	7
1749	16	34	3	4
1750	16	34	3	4
1752	16	34	3	4
1754	16	34	3	4
1755	16	34	3	4
1758	34	3	4	13	14	16
1759	16	34	3	4
1761	16	34	3	4
1762	16	34	3	4
1763	34	3	4	13	14	16
1766	34	30	7
1768	25	34	7
1770	16	34	3	4
1771	16	34	3	4
1772	34	3	4	13	14	16
1774	16	34	3	4
1775	16	34	3	4
1777	16	34	3	4
1778	16	34	3	4
1781	16	34	3	4
1782	34	3	4	13	14	16
1784	16	34	3	4
1785	34	3	4	13	14	16
1786	16	34	3	4
1789	34	30	7
1791	25	34	7
1793	16	34	3	4
1795	34	3	4	13	14	16
1796	16	34	3	4
1797	16	34	3	4
1800	16	34	3	4
1801	16	34	3	4
1803	16	34	3	4
1804	16	34	3	4
1806	16	34	3	4
1807	16	34	3	4
1810	34	30	7
1812	25	34	7
1814	16	34	3	4
1815	16	34	3	4
1817	16	34	3	4
1819	16	34	3	4
1820	16	34	3	4
1823	16	34	3	4
1824	16	34	3	4
1826	34	3	4	13	14	16
1827	16	34	3	4
1828	16	34	3	4
1831	34	30	7
1834	34	3	4	13	14	16
1835	16	34	3	4
1836	16	34	3	4
1839	34	30	7
1841	25	34	7
1843	16	34	3	4
1845	16	34	3	4
1846	16	34	3	4
1847	34	3	4	13	14	16
1850	16	34	3	4
1851	16	34	3	4
1853	16	34	3	4
1854	16	34	3	4
1856	16	34	3	4
1857	16	34	3	4
1860	34	30	7
1863	16	34	3	4
1864	16	34	3	4
1866	16	34	3	4
1867	16	34	3	4
1869	16	34	3	4
1870	16	34	3	4
1873	16	34	3	4
1874	16	34	3	4
1876	16	34	3	4
1879	34	30	7
1881	25	34	7
1883	16	34	3	4
1884	16	34	3	4
1886	34	3	4	13	14	16
1887	16	34	3	4
1888	16	34	3	4
1891	16	34	3	4
1893	16	34	3	4
1894	16	34	3	4
1896	16	34	3	4
1897	16	34	3	4
1900	34	30	7
1902	25	34	7
1904	16	34	3	4
1905	16	34	3	4
1907	16	34	3	4
1910	16	34	3	4
1911	16	34	3	4
1913	16	34	3	4
1914	16	34	3	4
1916	16	34	3	4
1917	16	34	3	4
1920	34	30	7
1922	25	34	7
1924	16	34	3	4
1926	34	3	4	13	14	16
1927	16	34	3	4
1928	16	34	3	4
1931	16	34	3	4
1932	16	34	3	4
1934	16	34	3	4
1935	16	34	3	4
1937	16	34	3	4
1938	16	34	3	4
1941	34	30	7
1943	25	34	7
1945	34	3	4	13	14	16
1946	16	34	3	4
1949	16	34	3	4
1950	34	3	4	13	14	16
1953	34	30	7
1955	25	34	7
1957	16	34	3	4
1958	16	34	3	4
1960	34	3	4	13	14	16
1961	16	34	3	4
1964	16	34	3	4
1966	16	34	3	4
1968	16	34	3	4
1969	16	34	3	4
1972	34	30	7
1974	16	34	3	4
1975	16	34	3	4
1977	16	34	3	4
1978	16	34	3	4
1980	16	34	3	4
1981	16	34	3	4
1983	16	34	3	4
1984	16	34	3	4
1986	16	34	3	4
1987	16	34	3	4
1990	34	30	7
1992	16	34	3	4
1993	16	34	3	4
1995	16	34	3	4
1996	16	34	3	4
1998	16	34	3	4
1999	16	34	3	4
2001	16	34	3	4
2002	16	34	3	4
2004	16	34	3	4
2005	16	34	3	4
2008	34	30	7
2010	25	34	7
2012	34	3	4	13	14	16
2013	16	34	3	4
2016	34	30	7
2018	25	34	7
2019	16	34	3	4
2021	34	3	4	13	14	16
2022	16	34	3	4
2023	16	34	3	4
2026	16	34	3	4
2027	16	34	3	4
2029	16	34	3	4
2030	16	34	3	4
2032	16	34	3	4
2033	16	34	3	4
2036	25	34	7
2037	16	34	3	4
2043	16	34	3	4
2049	8	34	7
2054	16	34	3	4
2061	16	34	3	4
2066	8	34	7
2069	16	34	3	4
2073	16	34	3	4
2079	16	34	3	4
2091	16	34	3	4
2103	16	34	3	4
2107	16	34	3	4
2111	16	34	3	4
2120	16	34	3	4
2126	16	34	3	4
2134	8	34	7
2144	8	34	7
2166	16	34	3	4
2178	16	34	3	4
2181	8	34	7
2193	16	34	3	4
2240	8	34	7
2256	8	34	7
2320	8	34	7
2354	16	34	3	4
2467	8	34	7
2477	8	34	7
2487	8	34	7
2601	8	34	7
2611	25	34	7
2614	16	34	3	4
2615	16	34	3	4
2617	16	34	3	4
2620	34	3	4	13	14	16
2621	16	34	3	4
2631	16	34	3	4
2632	34	3	4	7	16	20
2633	34	3	4	7	16	30
2634	16	34	3	4
2635	16	34	3	4
2636	16	34	3	4
2642	34	3	4	7	16	30
2643	16	34	3	4
2644	16	34	3	4
2647	16	34	3	4
2650	16	34	3	4
2656	16	34	3	4
2659	16	34	3	4
2661	16	34	3	4
2664	16	34	3	4
2669	16	34	3	4
2670	16	34	3	4
2671	16	34	3	4
2674	16	34	3	4
2679	16	34	3	4
2680	16	34	3	4
2687	16	34	3	4
2693	16	34	3	4
2694	16	34	3	4
2699	16	34	3	4
2708	16	34	3	4
2726	16	34	3	4
2742	16	34	3	4
2753	16	34	3	4
2754	16	34	3	4
2757	16	34	3	4
2761	16	34	3	4
2766	16	34	3	4
2767	16	34	3	4
2771	16	34	3	4
2775	16	34	3	4
2779	16	34	3	4
2782	16	34	3	4
2786	16	34	3	4
2789	34	3	4	7	16	25	26
2794	34	3	4	7	16	25	26
2808	16	34	3	4
2809	16	34	3	4
2810	16	34	3	4
2811	16	34	3	4
2812	16	34	3	4
2815	16	34	3	4
2816	16	34	3	4
2819	16	34	3	4
2820	16	34	3	4
2823	16	34	3	4
2824	16	34	3	4
2835	16	34	3	4
2836	16	34	3	4
2837	16	34	3	4
2839	34	3	4	7	16	30
2841	16	34	3	4
2848	16	34	3	4
2849	16	34	3	4
2851	16	34	3	4
2866	34	30	7
2937	34	30	7
2945	34	3	4	13	14	16
2946	16	34	3	4
2947	16	34	3	4
2950	16	34	3	4
2951	34	3	4	13	14	16
2952	16	34	3	4
2955	16	34	3	4
2956	34	3	4	13	14	16
2957	16	34	3	4
2967	16	34	3	4
2971	16	34	3	4
2974	16	34	3	4
2977	16	34	3	4
2981	16	34	3	4
2985	16	34	3	4
2989	16	34	3	4
2995	16	34	3	4
3003	16	34	3	4
3007	16	34	3	4
3018	16	34	3	4
3043	16	34	3	4
3072	16	34	3	4
3073	16	34	3	4
4275	16	34	3	4
4283	16	34	3	4
4301	34	3	4	13	14	16
4302	16	34	3	4
4303	16	34	3	4
4307	16	34	3	4
4308	16	34	3	4
4309	34	3	4	13	14	16
4311	16	34	3	4
4312	34	3	4	13	14	16
4313	16	34	3	4
4315	16	34	3	4
4316	16	34	3	4
4317	34	3	4	13	14	16
4319	34	3	4	13	14	16
4320	16	34	3	4
4321	16	34	3	4
4324	16	34	3	4
4325	16	34	3	4
4328	16	34	3	4
4329	34	3	4	13	14	16
4330	16	34	3	4
4333	16	34	3	4
4334	34	3	4	13	14	16
4335	16	34	3	4
4337	16	34	3	4
4338	16	34	3	4
4339	34	3	4	13	14	16
4341	16	34	3	4
4342	16	34	3	4
4344	16	34	3	4
4345	34	3	4	13	14	16
4346	16	34	3	4
4349	16	34	3	4
4350	16	34	3	4
4351	34	3	4	13	14	16
4353	16	34	3	4
4354	34	3	4	13	14	16
4355	16	34	3	4
4357	16	34	3	4
4358	16	34	3	4
4359	34	3	4	13	14	16
4361	16	34	3	4
4362	34	3	4	13	14	16
4363	16	34	3	4
4366	16	34	3	4
4367	34	3	4	13	14	16
4368	16	34	3	4
4371	34	3	4	13	14	16
4372	16	34	3	4
4375	16	34	3	4
4376	16	34	3	4
4377	34	3	4	13	14	16
4379	34	3	4	13	14	16
4380	16	34	3	4
4381	16	34	3	4
4383	16	34	3	4
4384	16	34	3	4
4385	34	3	4	13	14	16
4387	34	3	4	13	14	16
4388	16	34	3	4
4389	16	34	3	4
4392	34	3	4	13	14	16
4393	16	34	3	4
4394	16	34	3	4
4397	16	34	3	4
4398	34	3	4	13	14	16
4399	16	34	3	4
4402	16	34	3	4
4403	16	34	3	4
4404	34	3	4	13	14	16
4406	16	34	3	4
4407	34	3	4	13	14	16
4408	16	34	3	4
4410	16	34	3	4
4411	16	34	3	4
4413	34	3	4	13	14	16
4414	16	34	3	4
4415	16	34	3	4
4418	16	34	3	4
4419	16	34	3	4
4420	34	3	4	13	14	16
4423	16	34	3	4
4424	16	34	3	4
4426	16	34	3	4
4427	16	34	3	4
4428	34	3	4	13	14	16
4430	16	34	3	4
4431	16	34	3	4
4432	34	3	4	13	14	16
4434	16	34	3	4
4435	16	34	3	4
4438	34	3	4	13	14	16
4439	16	34	3	4
4442	16	34	3	4
4443	16	34	3	4
4445	16	34	3	4
4446	16	34	3	4
4448	16	34	3	4
4449	34	3	4	13	14	16
4450	16	34	3	4
4452	16	34	3	4
4453	34	3	4	13	14	16
4454	16	34	3	4
4456	16	34	3	4
4457	16	34	3	4
4458	34	3	4	13	14	16
4460	16	34	3	4
4461	16	34	3	4
4463	16	34	3	4
4464	16	34	3	4
4465	34	3	4	13	14	16
4467	16	34	3	4
4468	16	34	3	4
4469	34	3	4	13	14	16
4471	16	34	3	4
4472	16	34	3	4
4473	34	3	4	13	14	16
4476	16	34	3	4
4477	16	34	3	4
4478	34	3	4	13	14	16
4481	16	34	3	4
4482	34	3	4	13	14	16
4484	16	34	3	4
4485	16	34	3	4
4487	16	34	3	4
4488	34	3	4	13	14	16
4489	16	34	3	4
4491	16	34	3	4
4492	16	34	3	4
4495	34	3	4	13	14	16
4496	16	34	3	4
4497	16	34	3	4
4499	16	34	3	4
4500	16	34	3	4
4502	16	34	3	4
4503	16	34	3	4
4505	16	34	3	4
4506	16	34	3	4
4509	16	34	3	4
4510	34	3	4	13	14	16
4511	16	34	3	4
4514	16	34	3	4
4515	16	34	3	4
4516	34	3	4	13	14	16
4519	16	34	3	4
4520	16	34	3	4
4522	16	34	3	4
4523	16	34	3	4
4524	34	3	4	13	14	16
4526	16	34	3	4
4527	16	34	3	4
4528	34	3	4	13	14	16
4530	16	34	3	4
4531	16	34	3	4
4534	16	34	3	4
4535	16	34	3	4
4536	34	3	4	13	14	16
4539	34	3	4	13	14	16
4540	16	34	3	4
4541	16	34	3	4
4544	16	34	3	4
4545	16	34	3	4
4547	16	34	3	4
4548	16	34	3	4
4550	16	34	3	4
4551	16	34	3	4
4553	16	34	3	4
4554	16	34	3	4
4557	16	34	3	4
4558	16	34	3	4
4560	16	34	3	4
4562	16	34	3	4
4563	16	34	3	4
4565	16	34	3	4
4566	16	34	3	4
4569	16	34	3	4
4570	16	34	3	4
4571	34	3	4	13	14	16
4574	16	34	3	4
4576	16	34	3	4
4578	16	34	3	4
4580	16	34	3	4
4581	34	3	4	13	14	16
4582	16	34	3	4
4585	16	34	3	4
4586	34	3	4	13	14	16
4589	34	3	4	13	14	16
4590	16	34	3	4
4591	16	34	3	4
4594	16	34	3	4
4595	16	34	3	4
4597	16	34	3	4
4598	16	34	3	4
4600	16	34	3	4
4601	16	34	3	4
4603	16	34	3	4
4604	16	34	3	4
4607	16	34	3	4
4608	16	34	3	4
4609	16	34	3	4
4611	16	34	3	4
4612	16	34	3	4
4615	16	34	3	4
4616	16	34	3	4
4617	16	34	3	4
4620	16	34	3	4
4621	16	34	3	4
4622	16	34	3	4
4625	16	34	3	4
4626	16	34	3	4
4627	16	34	3	4
4630	16	34	3	4
4631	16	34	3	4
4634	16	34	3	4
4635	16	34	3	4
4636	16	34	3	4
4638	16	34	3	4
4640	16	34	3	4
4641	16	34	3	4
4643	16	34	3	4
4644	16	34	3	4
4647	16	34	3	4
4648	16	34	3	4
4649	16	34	3	4
4652	16	34	3	4
4653	16	34	3	4
4654	16	34	3	4
4657	16	34	3	4
4658	16	34	3	4
4659	16	34	3	4
4661	16	34	3	4
4662	16	34	3	4
4664	16	34	3	4
4666	16	34	3	4
4667	16	34	3	4
4669	16	34	3	4
4670	16	34	3	4
4672	16	34	3	4
4673	34	3	4	13	14	16
4674	16	34	3	4
4677	16	34	3	4
4678	16	34	3	4
4680	16	34	3	4
4681	16	34	3	4
4683	16	34	3	4
4684	16	34	3	4
4686	16	34	3	4
4687	16	34	3	4
4688	34	3	4	13	14	16
4691	34	3	4	13	14	16
4692	16	34	3	4
4693	16	34	3	4
4695	16	34	3	4
4696	16	34	3	4
4699	34	3	4	13	14	16
4700	16	34	3	4
4701	16	34	3	4
4703	16	34	3	4
4704	16	34	3	4
4706	16	34	3	4
4707	16	34	3	4
4709	16	34	3	4
4712	16	34	3	4
4713	16	34	3	4
4714	34	3	4	13	14	16
4717	16	34	3	4
4719	16	34	3	4
4720	16	34	3	4
4721	34	3	4	13	14	16
4723	16	34	3	4
4724	34	3	4	13	14	16
4725	16	34	3	4
4727	16	34	3	4
4728	16	34	3	4
4731	16	34	3	4
4732	16	34	3	4
4733	34	3	4	13	14	16
4736	16	34	3	4
4737	16	34	3	4
4738	34	3	4	13	14	16
4740	16	34	3	4
4741	16	34	3	4
4743	16	34	3	4
4744	16	34	3	4
4746	16	34	3	4
4747	16	34	3	4
4750	34	3	4	13	14	16
4751	16	34	3	4
4752	16	34	3	4
4755	16	34	3	4
4756	16	34	3	4
4758	16	34	3	4
4759	16	34	3	4
4762	16	34	3	4
4763	16	34	3	4
4766	16	34	3	4
4767	16	34	3	4
4770	16	34	3	4
4773	16	34	3	4
4774	16	34	3	4
4777	16	34	3	4
4778	16	34	3	4
4780	16	34	3	4
4781	16	34	3	4
4783	16	34	3	4
4785	16	34	3	4
4786	16	34	3	4
4789	16	34	3	4
4792	16	34	3	4
4793	16	34	3	4
4796	16	34	3	4
4797	16	34	3	4
4800	16	34	3	4
4801	16	34	3	4
4802	34	3	4	13	14	16
4805	16	34	3	4
4806	16	34	3	4
4808	16	34	3	4
4809	16	34	3	4
4811	16	34	3	4
4812	16	34	3	4
4814	16	34	3	4
4817	16	34	3	4
4818	34	3	4	13	14	16
4819	16	34	3	4
4821	16	34	3	4
4822	16	34	3	4
4823	34	3	4	13	14	16
4826	16	34	3	4
4827	34	3	4	13	14	16
4830	16	34	3	4
4831	34	3	4	13	14	16
4832	16	34	3	4
4835	16	34	3	4
4836	16	34	3	4
4837	34	3	4	13	14	16
4840	16	34	3	4
4841	34	3	4	13	14	16
4844	16	34	3	4
4845	16	34	3	4
4846	34	3	4	13	14	16
4849	16	34	3	4
4850	34	3	4	13	14	16
4851	16	34	3	4
4854	34	3	4	13	14	16
4855	16	34	3	4
4856	16	34	3	4
4859	16	34	3	4
4860	16	34	3	4
4862	16	34	3	4
4863	34	3	4	13	14	16
4865	16	34	3	4
4866	16	34	3	4
4868	16	34	3	4
4869	16	34	3	4
4872	16	34	3	4
4873	34	3	4	13	14	16
4874	16	34	3	4
4877	16	34	3	4
4878	16	34	3	4
4880	16	34	3	4
4881	16	34	3	4
4883	16	34	3	4
4885	16	34	3	4
4886	16	34	3	4
4889	16	34	3	4
4890	16	34	3	4
4891	34	3	4	13	14	16
4894	16	34	3	4
4895	16	34	3	4
4896	34	3	4	13	14	16
4899	16	34	3	4
4900	16	34	3	4
4902	16	34	3	4
4903	16	34	3	4
4905	16	34	3	4
4906	16	34	3	4
4908	16	34	3	4
4909	34	3	4	13	14	16
4910	16	34	3	4
4913	16	34	3	4
4914	16	34	3	4
4916	16	34	3	4
4917	16	34	3	4
4919	16	34	3	4
4920	16	34	3	4
4922	16	34	3	4
4925	16	34	3	4
4926	16	34	3	4
4927	34	3	4	13	14	16
4930	16	34	3	4
4931	16	34	3	4
4932	34	3	4	13	14	16
4935	16	34	3	4
4936	16	34	3	4
4938	16	34	3	4
4939	16	34	3	4
4941	16	34	3	4
4942	16	34	3	4
4944	16	34	3	4
4945	16	34	3	4
4948	16	34	3	4
4949	34	3	4	13	14	16
4950	16	34	3	4
4953	16	34	3	4
4954	16	34	3	4
4956	16	34	3	4
4957	16	34	3	4
4959	16	34	3	4
4960	16	34	3	4
4962	16	34	3	4
4965	16	34	3	4
4966	16	34	3	4
4968	16	34	3	4
4969	16	34	3	4
4971	16	34	3	4
4972	16	34	3	4
4974	16	34	3	4
4977	34	3	4	13	14	16
4978	16	34	3	4
4979	16	34	3	4
4982	16	34	3	4
4983	34	3	4	13	14	16
4984	16	34	3	4
4987	16	34	3	4
4988	34	3	4	13	14	16
4989	16	34	3	4
4992	16	34	3	4
4994	16	34	3	4
4995	16	34	3	4
4997	16	34	3	4
4998	16	34	3	4
5000	16	34	3	4
5001	16	34	3	4
5004	16	34	3	4
5005	16	34	3	4
5007	16	34	3	4
5008	16	34	3	4
5010	16	34	3	4
5011	16	34	3	4
5013	16	34	3	4
5014	16	34	3	4
5017	16	34	3	4
5018	34	3	4	13	14	16
5019	16	34	3	4
5022	16	34	3	4
5023	34	3	4	13	14	16
5024	16	34	3	4
5027	16	34	3	4
5028	16	34	3	4
5030	16	34	3	4
5031	16	34	3	4
5033	16	34	3	4
5034	16	34	3	4
5036	16	34	3	4
5037	16	34	3	4
5040	16	34	3	4
5041	16	34	3	4
5043	16	34	3	4
5044	16	34	3	4
5046	16	34	3	4
5048	16	34	3	4
5049	16	34	3	4
5052	16	34	3	4
5053	16	34	3	4
5054	34	3	4	13	14	16
5057	34	3	4	13	14	16
5058	16	34	3	4
5059	16	34	3	4
5062	16	34	3	4
5063	16	34	3	4
5065	16	34	3	4
5066	16	34	3	4
5068	16	34	3	4
5070	16	34	3	4
5071	16	34	3	4
5073	16	34	3	4
5074	16	34	3	4
5075	34	3	4	13	14	16
5077	16	34	3	4
5080	16	34	3	4
5081	16	34	3	4
5082	34	3	4	13	14	16
5085	16	34	3	4
5086	16	34	3	4
5088	16	34	3	4
5089	16	34	3	4
5091	16	34	3	4
5093	16	34	3	4
5094	16	34	3	4
5096	16	34	3	4
5097	16	34	3	4
5099	16	34	3	4
5101	16	34	3	4
5102	16	34	3	4
5104	16	34	3	4
5105	16	34	3	4
5107	16	34	3	4
5108	16	34	3	4
5110	16	34	3	4
5111	16	34	3	4
5113	16	34	3	4
5114	16	34	3	4
5116	16	34	3	4
5117	16	34	3	4
5119	16	34	3	4
5120	16	34	3	4
5122	16	34	3	4
5123	16	34	3	4
5126	16	34	3	4
5127	34	3	4	13	14	16
5130	16	34	3	4
5131	34	3	4	13	14	16
5134	16	34	3	4
5136	16	34	3	4
5137	16	34	3	4
5139	16	34	3	4
5141	16	34	3	4
5150	8	34	7
5154	16	34	3	4
5160	16	34	3	4
5171	16	34	3	4
5176	16	34	3	4
5193	16	34	3	4
5200	16	34	3	4
5204	16	34	3	4
5211	16	34	3	4
5223	16	34	3	4
5252	8	34	7
5265	8	34	7
5278	8	34	7
5303	8	34	7
5316	8	34	7
5336	16	34	3	4
5346	16	34	3	4
5442	8	34	7
5445	16	34	3	4
5462	16	34	3	4
5469	16	34	3	4
5580	16	34	3	4
5730	8	34	7
5738	8	34	7
5749	8	34	7
5761	8	34	7
5774	16	34	3	4
5776	34	3	4	13	14	16
5777	16	34	3	4
5785	16	34	3	4
5786	16	34	3	4
5799	16	34	3	4
5800	16	34	3	4
5801	16	34	3	4
5802	34	3	4	7	16	20
5807	16	34	3	4
5808	16	34	3	4
5812	16	34	3	4
5814	34	3	4	7	16	30
5818	16	34	3	4
5823	16	34	3	4
5827	16	34	3	4
5836	16	34	3	4
5839	16	34	3	4
5845	16	34	3	4	12
5846	16	34	3	4
5851	16	34	3	4
5852	16	34	3	4
5856	16	34	3	4
5860	16	34	3	4
5864	16	34	3	4
5869	16	34	3	4
5875	16	34	3	4
5876	16	34	3	4
5880	16	34	3	4
5883	16	34	3	4
5886	16	34	3	4
5925	16	34	3	4
5929	16	34	3	4
5933	16	34	3	4
5936	16	34	3	4
5940	16	34	3	4
5944	16	34	3	4
5949	16	34	3	4
5953	16	34	3	4
5963	16	34	3	4
5964	34	3	4	13	14	16
5969	16	34	3	4
5979	16	34	3	4
5982	16	34	3	4
6017	16	34	3	4
6018	34	3	4	13	14	16
6019	16	34	3	4
6022	16	34	3	4
6023	16	34	3	4
6024	34	3	4	13	14	16
6027	34	3	4	13	14	16
6028	16	34	3	4
6029	16	34	3	4
6034	16	34	3	4
6038	16	34	3	4
6042	16	34	3	4
6046	16	34	3	4
6050	16	34	3	4
6075	16	34	3	4
6083	16	34	3	4
6090	16	34	3	4
6096	16	34	3	4
6100	16	34	3	4
6108	16	34	3	4
6124	16	34	3	4
6141	16	34	3	4
6151	16	34	3	4
6152	16	34	3	4
6153	16	34	3	4
6154	34	3	4	7	16	20
6159	16	34	3	4
6163	16	34	3	4
6167	16	34	3	4
6169	16	34	3	4
6173	16	34	3	4
6176	16	34	3	4
6179	16	34	3	4
6182	16	34	3	4
6185	34	3	4	7	16	30
6186	16	34	3	4
6190	16	34	3	4
6194	16	34	3	4
6196	16	34	3	4
6202	16	34	3	4
6206	16	34	3	4
6210	16	34	3	4
6216	16	34	3	4
6235	34	7	9	30
6237	34	7	9	30
6239	34	7	9	30
6241	34	7	9	30
6242	34	7	9	30
6243	34	7	9	30
6244	34	7	9	30
6245	34	7	9	30
6246	34	7	9	30
6247	34	30	7
6248	34	7	9	30
6250	34	7	9	30
6251	34	7	9	30
6252	34	7	9	30
6253	34	7	9	30
6254	34	7	9	30
6256	34	7	9	30
6257	34	7	9	30
6258	34	7	9	30
6259	34	7	9	30
6260	34	30	7
